"player","score of AbaProReimplementation","score of PapadopoulosReimplementation","time spent","nodes visited","leaf nodes","rating of game state","depth","exact cuts","window cuts","windows narrowed","transposition table size","branching factor at depth 1","branching factor at depth 2","branching factor at depth 3","branching factor at depth 4","branching factor at depth 5","branching factor at depth 6","branching factor at depth 7"
"AbaProReimplementation","0","0","15017","62163","53015","0","4","0","0","0","0","44","18","9","6"
"PapadopoulosReimplementation","0","0","15006","150885","139519","-6","4","0","0","0","0","44","13","14","8"
"AbaProReimplementation","0","0","15004","65044","52324","0","4","0","0","0","0","52","10","20","3"
"PapadopoulosReimplementation","0","0","15013","196657","182842","-24","4","0","0","0","0","51","14","14","11"
"AbaProReimplementation","0","0","15012","93323","75920","0","4","0","0","0","0","61","12","19","3"
"PapadopoulosReimplementation","0","0","15012","219234","203711","-12","4","0","0","0","0","54","12","18","9"
"AbaProReimplementation","0","0","15002","201523","166842","2","4","0","0","0","0","60","27","19","4"
"PapadopoulosReimplementation","0","0","15003","109111","105460","40","3","0","0","0","0","56","63","28"
"AbaProReimplementation","0","0","15002","216814","179760","3","4","0","0","0","0","64","26","18","4"
"PapadopoulosReimplementation","0","0","15010","105017","101514","-4","3","0","0","0","0","62","54","29"
"AbaProReimplementation","0","0","15011","362682","312614","2","4","0","0","0","0","62","43","16","6"
"PapadopoulosReimplementation","0","0","15014","115540","111881","-62","3","0","0","0","0","73","48","31"
"AbaProReimplementation","0","0","15013","41079","37458","3","3","0","0","0","0","66","52","9"
"PapadopoulosReimplementation","0","0","15004","122691","118898","-38","3","0","0","0","0","69","52","32"
"AbaProReimplementation","0","0","15007","44205","40595","3","3","0","0","0","0","70","49","10"
"PapadopoulosReimplementation","0","0","15013","94915","91742","4","3","0","0","0","0","62","49","29"
"AbaProReimplementation","0","0","15002","181364","154133","2","4","0","0","0","0","61","19","19","5"
"PapadopoulosReimplementation","0","0","15005","233922","213899","-26","4","0","0","0","0","66","9","25","6"
"AbaProReimplementation","0","0","15015","70968","58576","1","4","0","0","0","0","61","9","19","4"
"PapadopoulosReimplementation","0","0","15008","284498","248180","46","4","0","0","0","0","56","21","26","5"
"AbaProReimplementation","0","0","15011","34716","32333","3","3","0","0","0","0","69","32","13"
"PapadopoulosReimplementation","0","0","15005","122393","107969","26","4","0","0","0","0","51","10","24","6"
"AbaProReimplementation","0","0","15010","279367","238543","4","4","0","0","0","0","68","22","22","5"
"PapadopoulosReimplementation","0","1","15009","88252","79765","-42","4","0","0","0","0","55","8","14","7"
"AbaProReimplementation","0","1","15013","143042","133182","-88","4","0","0","0","0","71","4","25","14"
"PapadopoulosReimplementation","0","1","15010","73339","70484","770","3","0","0","0","0","52","52","24"
"AbaProReimplementation","0","1","15007","40350","37683","-89","3","0","0","0","0","68","37","14"
"PapadopoulosReimplementation","0","1","15013","75783","72827","784","3","0","0","0","0","54","52","24"
"AbaProReimplementation","0","1","15007","58872","54290","-90","3","0","0","0","0","68","65","11"
"PapadopoulosReimplementation","0","1","15001","113330","109437","816","3","0","0","0","0","69","54","28"
"AbaProReimplementation","0","1","15011","19384","18202","-93","3","0","0","0","0","61","17","15"
"PapadopoulosReimplementation","0","1","15005","100277","96611","804","3","0","0","0","0","68","51","26"
"AbaProReimplementation","0","1","15007","29877","27485","-93","3","0","0","0","0","62","36","10"
"PapadopoulosReimplementation","0","1","15013","141580","137005","812","3","0","0","0","0","72","61","30"
"AbaProReimplementation","0","1","15001","26312","24713","-93","3","0","0","0","0","72","20","15"
"PapadopoulosReimplementation","0","1","15009","106478","102307","814","3","0","0","0","0","72","55","24"
"AbaProReimplementation","0","1","15013","200288","167340","-94","4","0","0","0","0","67","22","19","4"
"PapadopoulosReimplementation","0","1","15007","131689","126669","834","3","0","0","0","0","76","64","25"
"AbaProReimplementation","0","1","15001","55161","44374","-93","4","0","0","0","0","67","5","26","3"
"PapadopoulosReimplementation","0","1","15002","126430","122049","822","3","0","0","0","0","74","57","27"
"AbaProReimplementation","0","1","15009","53812","43234","-91","4","0","0","0","0","60","5","28","3"
"PapadopoulosReimplementation","0","1","15001","103996","100296","808","3","0","0","0","0","63","56","27"
"AbaProReimplementation","0","1","15004","260826","211216","-90","4","0","0","0","0","67","24","27","4"
"PapadopoulosReimplementation","0","1","15002","137137","132705","814","3","0","0","0","0","65","66","30"
"AbaProReimplementation","0","1","15002","136497","115043","-91","4","0","0","0","0","71","12","20","5"
"PapadopoulosReimplementation","0","1","15001","107707","103828","808","3","0","0","0","0","71","52","26"
"AbaProReimplementation","0","1","15012","103012","80924","-90","4","0","0","0","0","56","10","35","3"
"PapadopoulosReimplementation","0","1","15001","87833","84804","802","3","0","0","0","0","58","50","27"
"AbaProReimplementation","0","1","15009","189664","160086","-88","4","0","0","0","0","59","19","21","5"
"PapadopoulosReimplementation","0","1","15011","142141","124670","782","4","0","0","0","0","57","12","20","5"
"AbaProReimplementation","0","1","15002","118182","100009","-91","4","0","0","0","0","54","19","14","5"
"PapadopoulosReimplementation","0","1","15010","60051","57683","786","3","0","0","0","0","51","44","24"
"AbaProReimplementation","0","1","15014","257713","213237","-91","4","0","0","0","0","51","35","22","4"
"PapadopoulosReimplementation","0","1","15004","50426","48547","786","3","0","0","0","0","57","30","26"
"AbaProReimplementation","0","1","15009","255327","211465","-92","4","0","0","0","0","51","32","24","4"
"PapadopoulosReimplementation","0","1","15008","58307","55854","840","3","0","0","0","0","57","41","23"
"AbaProReimplementation","0","1","15008","58362","49364","-95","4","0","0","0","0","47","8","20","4"
"PapadopoulosReimplementation","0","1","15016","63248","60780","882","3","0","0","0","0","53","44","24"
"AbaProReimplementation","0","1","14999","50824","42783","-95","4","0","0","0","0","48","5","24","4"
"PapadopoulosReimplementation","0","1","15005","59600","57336","856","3","0","0","0","0","55","39","25"
"AbaProReimplementation","0","1","15003","109512","93183","-94","4","0","0","0","0","47","13","24","5"
"PapadopoulosReimplementation","0","1","15000","56266","53995","864","3","0","0","0","0","54","40","24"
"AbaProReimplementation","0","1","15001","125516","110321","-93","4","0","0","0","0","51","18","12","7"
"PapadopoulosReimplementation","0","1","15003","57268","55353","836","3","0","0","0","0","61","29","30"
"AbaProReimplementation","0","1","15004","196116","161385","-93","4","0","0","0","0","45","30","23","4"
"PapadopoulosReimplementation","0","1","15007","39502","38146","836","3","0","0","0","0","55","22","29"
"AbaProReimplementation","0","1","15014","256997","233162","-93","5","0","0","0","0","41","2","26","3","18"
"PapadopoulosReimplementation","0","1","15004","44507","41775","762","3","0","0","0","0","57","45","14"
"AbaProReimplementation","0","1","15006","623277","569436","-92","5","0","0","0","0","52","8","17","5","13"
"PapadopoulosReimplementation","0","1","15007","97989","94536","742","3","0","0","0","0","60","55","27"
"AbaProReimplementation","1","1","15007","49330","41397","-93","4","0","0","0","0","51","9","13","5"
"PapadopoulosReimplementation","1","1","15012","137697","115912","68","4","0","0","0","0","54","10","34","4"
"AbaProReimplementation","1","1","15002","137675","121616","0","4","0","0","0","0","45","25","11","8"
"PapadopoulosReimplementation","1","1","15007","209909","176880","82","4","0","0","0","0","53","14","41","4"
"AbaProReimplementation","1","1","15002","85064","76022","-1","4","0","0","0","0","44","13","10","9"
"PapadopoulosReimplementation","1","1","15007","318659","271675","82","4","0","0","0","0","51","20","43","5"
"AbaProReimplementation","1","1","15003","98007","86478","0","4","0","0","0","0","44","19","9","8"
"PapadopoulosReimplementation","1","1","15010","70133","67979","70","3","0","0","0","0","55","37","32"
"AbaProReimplementation","1","1","15015","351148","321636","-1","5","0","0","0","0","43","3","33","3","16"
"PapadopoulosReimplementation","1","1","15003","53338","51283","58","3","0","0","0","0","54","36","25"
"AbaProReimplementation","1","1","15009","63181","53609","-5","4","0","0","0","0","48","10","17","5"
"PapadopoulosReimplementation","1","1","15010","78011","75058","64","3","0","0","0","0","53","53","25"
"AbaProReimplementation","1","1","15001","415937","372308","-6","5","0","0","0","0","53","7","12","6","10"
"PapadopoulosReimplementation","1","1","15014","80243","76997","32","3","0","0","0","0","54","58","23"
"AbaProReimplementation","1","1","15011","86361","72523","-2","4","0","0","0","0","59","13","15","4"
"PapadopoulosReimplementation","1","1","15003","87621","84067","-166","3","0","0","0","0","56","61","23"
"AbaProReimplementation","1","1","15005","78632","68755","-3","4","0","0","0","0","60","13","9","7"
"PapadopoulosReimplementation","1","1","15003","362826","324409","-48","4","0","0","0","0","57","22","25","6"
"AbaProReimplementation","2","1","15011","144587","124629","-2","4","0","0","0","0","66","23","10","6"
"PapadopoulosReimplementation","2","1","15011","136768","124167","-754","4","0","0","0","0","55","17","10","8"
"AbaProReimplementation","2","1","15013","279342","250418","92","4","0","0","0","0","68","18","18","8"
"PapadopoulosReimplementation","2","1","15009","106195","94143","-698","4","0","0","0","0","68","7","19","5"
"AbaProReimplementation","2","1","15005","239791","208046","87","4","0","0","0","0","74","26","14","6"
"PapadopoulosReimplementation","2","1","15001","218725","180099","-664","4","0","0","0","0","62","16","34","3"
"AbaProReimplementation","2","1","15004","308204","267536","88","4","0","0","0","0","71","31","15","6"
"PapadopoulosReimplementation","2","1","15009","285173","247550","-680","4","0","0","0","0","64","20","25","5"
"AbaProReimplementation","2","1","15012","280210","239784","87","4","0","0","0","0","70","31","15","6"
"PapadopoulosReimplementation","2","1","15009","109126","94777","-698","4","0","0","0","0","57","8","24","4"
"AbaProReimplementation","2","1","15011","255400","208425","87","4","0","0","0","0","68","21","29","4"
"PapadopoulosReimplementation","2","1","15009","72017","64200","-684","4","0","0","0","0","53","7","16","6"
"AbaProReimplementation","2","1","15013","156290","128477","87","4","0","0","0","0","65","11","32","3"
"PapadopoulosReimplementation","2","1","15007","116503","101806","-644","4","0","0","0","0","49","13","20","5"
"AbaProReimplementation","2","1","15010","147206","127772","86","4","0","0","0","0","66","16","14","6"
"PapadopoulosReimplementation","2","1","15011","48648","41947","-648","4","0","0","0","0","53","5","21","4"
"AbaProReimplementation","2","1","15012","274046","229983","85","4","0","0","0","0","70","16","34","4"
"PapadopoulosReimplementation","2","1","15007","51607","45443","-616","4","0","0","0","0","45","6","17","5"
"AbaProReimplementation","2","1","15013","203173","176988","84","4","0","0","0","0","63","19","18","6"
"PapadopoulosReimplementation","2","1","15006","229469","202142","-602","4","0","0","0","0","46","24","22","6"
"AbaProReimplementation","2","1","15005","29776","27950","84","3","0","0","0","0","77","21","16"
"PapadopoulosReimplementation","2","1","15012","149059","132898","-578","4","0","0","0","0","47","18","15","7"
"AbaProReimplementation","2","1","15014","32491","30170","85","3","0","0","0","0","69","31","12"
"PapadopoulosReimplementation","2","1","15010","64039","54521","-612","4","0","0","0","0","49","8","20","5"
"AbaProReimplementation","2","1","15008","314974","262272","84","4","0","0","0","0","68","26","28","4"
"PapadopoulosReimplementation","2","1","15010","204510","168137","-556","4","0","0","0","0","44","29","25","4"
"AbaProReimplementation","2","1","15001","131563","108512","85","4","0","0","0","0","68","7","41","4"
"PapadopoulosReimplementation","2","1","15013","80360","69837","-596","4","0","0","0","0","49","11","16","5"
"AbaProReimplementation","2","1","15005","293046","252683","84","4","0","0","0","0","69","22","23","6"
"PapadopoulosReimplementation","2","1","15010","54930","46024","-560","4","0","0","0","0","40","10","18","4"
"AbaProReimplementation","2","1","15009","215624","185290","83","4","0","0","0","0","68","17","22","5"
"PapadopoulosReimplementation","2","1","15012","220505","182255","-540","4","0","0","0","0","43","31","25","4"
"AbaProReimplementation","2","1","15008","246706","214032","82","4","0","0","0","0","69","21","19","6"
"PapadopoulosReimplementation","2","1","15015","153513","126032","-566","4","0","0","0","0","49","20","25","4"
"AbaProReimplementation","2","1","15008","67344","54940","81","4","0","0","0","0","75","4","35","3"
"PapadopoulosReimplementation","2","1","15009","212385","175987","-534","4","0","0","0","0","43","30","25","4"
"AbaProReimplementation","2","1","15005","136912","113465","82","4","0","0","0","0","71","9","32","4"
"PapadopoulosReimplementation","2","1","15012","236947","191520","-508","4","0","0","0","0","46","32","28","3"
"AbaProReimplementation","2","1","15007","113271","94734","82","4","0","0","0","0","68","6","42","4"
"PapadopoulosReimplementation","2","1","15010","164263","140564","-528","4","0","0","0","0","42","29","16","5"
"AbaProReimplementation","2","1","15011","103691","86736","83","4","0","0","0","0","63","5","40","4"
"PapadopoulosReimplementation","2","1","15005","82245","67906","-524","4","0","0","0","0","40","13","23","4"
"AbaProReimplementation","2","1","15008","104025","86823","83","4","0","0","0","0","63","6","35","4"
"PapadopoulosReimplementation","2","1","15003","152420","126992","-516","4","0","0","0","0","40","28","19","4"
"AbaProReimplementation","2","1","15011","266579","227447","83","4","0","0","0","0","66","16","33","5"
"PapadopoulosReimplementation","2","1","15012","79536","64798","-522","4","0","0","0","0","40","13","24","3"
"AbaProReimplementation","2","1","15009","69240","58313","82","4","0","0","0","0","62","5","26","4"
"PapadopoulosReimplementation","2","1","15001","142519","115239","-482","4","0","0","0","0","43","24","23","3"
"AbaProReimplementation","2","1","15015","93223","80877","83","4","0","0","0","0","55","11","15","6"
"PapadopoulosReimplementation","2","1","15015","67705","56127","-530","4","0","0","0","0","45","10","22","4"
"AbaProReimplementation","2","1","15001","140891","116506","82","4","0","0","0","0","60","10","35","4"
"PapadopoulosReimplementation","2","1","15004","147109","118799","-496","4","0","0","0","0","41","27","23","4"
"AbaProReimplementation","2","1","15006","853839","782412","84","5","0","0","0","0","58","9","15","5","14"
"PapadopoulosReimplementation","2","1","15015","76259","63021","-530","4","0","0","0","0","45","11","22","4"
"AbaProReimplementation","2","1","15001","45474","37066","82","4","0","0","0","0","63","3","30","3"
"PapadopoulosReimplementation","2","1","15009","104615","87404","-504","4","0","0","0","0","40","20","18","4"
"AbaProReimplementation","2","1","15011","246686","204849","83","4","0","0","0","0","64","18","32","4"
"PapadopoulosReimplementation","2","1","15007","83529","66270","-516","4","0","0","0","0","40","13","29","3"
"AbaProReimplementation","2","1","15011","148529","126683","82","4","0","0","0","0","60","18","17","5"
"PapadopoulosReimplementation","2","1","15006","166178","131308","-490","4","0","0","0","0","42","25","30","3"
"AbaProReimplementation","2","1","15005","159014","138752","82","4","0","0","0","0","61","18","15","6"
"PapadopoulosReimplementation","2","1","15009","136861","111023","-508","4","0","0","0","0","46","19","27","4"
"AbaProReimplementation","2","1","15007","155507","134596","81","4","0","0","0","0","64","15","19","6"
"PapadopoulosReimplementation","2","1","15003","44029","41812","-490","3","0","0","0","0","49","43","19"
"AbaProReimplementation","2","1","15009","130641","112875","81","4","0","0","0","0","62","11","20","6"
"PapadopoulosReimplementation","2","1","15013","155134","131937","-532","4","0","0","0","0","50","19","21","5"
"AbaProReimplementation","2","1","15007","76991","64667","80","4","0","0","0","0","71","4","31","4"
"PapadopoulosReimplementation","2","1","15015","236175","196776","-510","4","0","0","0","0","47","29","26","4"
"AbaProReimplementation","2","1","15009","94144","81527","80","4","0","0","0","0","72","6","24","6"
"PapadopoulosReimplementation","2","1","15004","114598","99393","-520","4","0","0","0","0","45","19","14","5"
"AbaProReimplementation","2","1","15014","104715","89465","82","4","0","0","0","0","64","7","28","5"
"PapadopoulosReimplementation","2","1","15015","129238","101887","-498","4","0","0","0","0","42","21","28","3"
"AbaProReimplementation","2","1","15013","130504","106878","82","4","0","0","0","0","61","10","35","4"
"PapadopoulosReimplementation","2","1","15002","118814","97862","-484","4","0","0","0","0","41","23","19","4"
"AbaProReimplementation","2","1","15001","103872","86323","84","4","0","0","0","0","60","8","28","4"
"PapadopoulosReimplementation","2","1","15010","48494","40054","-542","4","0","0","0","0","45","7","23","4"
"AbaProReimplementation","2","1","15009","144843","116638","83","4","0","0","0","0","61","15","28","3"
"PapadopoulosReimplementation","2","1","15005","134133","111188","-510","4","0","0","0","0","40","24","20","4"
"AbaProReimplementation","2","1","15001","202212","162761","83","4","0","0","0","0","67","17","30","3"
"PapadopoulosReimplementation","2","1","15015","74217","61737","-510","4","0","0","0","0","40","11","23","4"
"AbaProReimplementation","2","1","15005","79405","66535","83","4","0","0","0","0","58","7","23","4"
"PapadopoulosReimplementation","2","1","15015","89215","74806","-526","4","0","0","0","0","43","16","18","4"
"AbaProReimplementation","2","1","15002","304162","247240","83","4","0","0","0","0","57","33","28","4"
"PapadopoulosReimplementation","2","1","15012","55048","46969","-526","4","0","0","0","0","38","11","15","5"
"AbaProReimplementation","2","1","15000","138940","119737","83","4","0","0","0","0","57","17","16","6"
"PapadopoulosReimplementation","2","1","15008","127975","107720","-552","4","0","0","0","0","44","20","19","5"
"AbaProReimplementation","2","1","15009","95741","80920","83","4","0","0","0","0","57","15","13","5"
"PapadopoulosReimplementation","2","1","15007","79755","65994","-584","4","0","0","0","0","46","13","20","4"
"AbaProReimplementation","2","1","15013","99027","85285","83","4","0","0","0","0","58","9","21","5"
"PapadopoulosReimplementation","2","1","15005","96374","80553","-556","4","0","0","0","0","42","16","19","4"
"AbaProReimplementation","2","1","15002","80244","66512","83","4","0","0","0","0","57","7","29","4"
"PapadopoulosReimplementation","2","1","15011","162629","129552","-542","4","0","0","0","0","40","27","28","3"
"AbaProReimplementation","2","1","15011","117984","102301","85","4","0","0","0","0","54","18","13","6"
"PapadopoulosReimplementation","2","1","15002","107282","88019","-562","4","0","0","0","0","40","18","23","4"
"AbaProReimplementation","2","1","15003","154289","132639","84","4","0","0","0","0","61","16","19","6"
"PapadopoulosReimplementation","2","1","15015","109300","90508","-544","4","0","0","0","0","41","16","24","4"
"AbaProReimplementation","2","1","15011","82460","68492","83","4","0","0","0","0","64","7","25","4"
"PapadopoulosReimplementation","2","1","15011","152742","127283","-534","4","0","0","0","0","43","22","23","4"
"AbaProReimplementation","2","1","15002","166743","149818","82","4","0","0","0","0","60","12","18","9"
"PapadopoulosReimplementation","2","2","15007","126112","109207","-538","4","0","0","0","0","43","27","12","6"
"AbaProReimplementation","2","2","15001","1123762","1058092","-10","5","0","0","0","0","67","5","31","3","22"
"PapadopoulosReimplementation","2","2","15005","309878","265796","150","4","0","0","0","0","40","43","23","5"
"AbaProReimplementation","2","2","15008","224654","189603","-9","4","0","0","0","0","58","38","14","5"
"PapadopoulosReimplementation","2","2","15014","338379","310265","180","5","0","0","0","0","43","3","24","4","15"
"AbaProReimplementation","2","2","15004","198027","166209","-11","4","0","0","0","0","59","25","18","4"
"PapadopoulosReimplementation","2","2","15004","77634","63072","234","4","0","0","0","0","44","12","23","4"
"AbaProReimplementation","2","2","15002","134487","111192","-12","4","0","0","0","0","54","17","20","4"
"PapadopoulosReimplementation","2","2","15007","110658","92494","258","4","0","0","0","0","40","18","21","4"
"AbaProReimplementation","2","2","15007","100487","84968","-10","4","0","0","0","0","56","16","13","4"
"PapadopoulosReimplementation","2","2","15001","158292","133606","256","4","0","0","0","0","42","21","24","4"
"AbaProReimplementation","2","2","15002","229507","189853","-11","4","0","0","0","0","54","31","21","4"
"PapadopoulosReimplementation","2","2","15005","73720","59533","248","4","0","0","0","0","41","12","24","3"
"AbaProReimplementation","2","2","15007","120694","98902","-12","4","0","0","0","0","54","19","18","4"
"PapadopoulosReimplementation","2","2","15007","44263","36560","274","4","0","0","0","0","37","7","23","3"
"AbaProReimplementation","2","2","15015","616232","551241","-13","5","0","0","0","0","51","12","12","5","10"
"PapadopoulosReimplementation","2","2","15006","100736","80597","268","4","0","0","0","0","41","20","22","3"
"AbaProReimplementation","2","2","15015","133850","117853","-11","4","0","0","0","0","50","15","16","7"
"PapadopoulosReimplementation","2","2","15015","44481","36318","240","4","0","0","0","0","45","7","20","3"
"AbaProReimplementation","2","2","15004","210773","191960","-10","4","0","0","0","0","51","30","9","11"
"PapadopoulosReimplementation","2","3","15001","38720","30382","184","4","0","0","0","0","48","5","26","2"
"AbaProReimplementation","2","3","15005","594288","538903","-103","5","0","0","0","0","51","9","16","5","12"
"PapadopoulosReimplementation","2","3","15001","290342","246932","932","4","0","0","0","0","48","38","21","5"
"AbaProReimplementation","2","3","15001","784630","693863","-102","5","0","0","0","0","50","18","12","6","9"
"PapadopoulosReimplementation","2","3","15002","133451","112681","914","4","0","0","0","0","49","16","23","4"
"AbaProReimplementation","2","3","15012","97746","84206","-101","4","0","0","0","0","49","16","13","6"
"PapadopoulosReimplementation","2","3","15014","39239","31083","928","4","0","0","0","0","48","6","24","3"
"AbaProReimplementation","2","3","15004","786960","703509","-100","5","0","0","0","0","47","15","12","6","10"
"PapadopoulosReimplementation","2","3","15009","128413","107283","952","4","0","0","0","0","47","16","24","4"
"AbaProReimplementation","2","3","15009","147795","128192","-101","4","0","0","0","0","46","32","11","6"
"PapadopoulosReimplementation","2","3","15011","90392","76390","964","4","0","0","0","0","46","9","28","4"
"AbaProReimplementation","2","3","15006","207772","179940","-100","4","0","0","0","0","44","47","11","6"
"PapadopoulosReimplementation","2","3","15010","73505","60137","944","4","0","0","0","0","50","10","23","4"
"AbaProReimplementation","2","3","15009","209585","182240","-101","4","0","0","0","0","49","33","14","6"
"PapadopoulosReimplementation","2","3","15009","51557","43580","920","4","0","0","0","0","47","11","13","5"
"AbaProReimplementation","2","3","15011","84562","74461","-102","4","0","0","0","0","53","9","14","7"
"PapadopoulosReimplementation","2","3","15003","113111","93908","930","4","0","0","0","0","49","16","22","4"
"AbaProReimplementation","2","3","15015","142256","120761","-103","4","0","0","0","0","51","20","18","5"
"PapadopoulosReimplementation","2","3","15005","119681","99779","958","4","0","0","0","0","42","18","24","4"
"AbaProReimplementation","2","3","15016","285374","242393","-103","4","0","0","0","0","54","32","22","5"
"PapadopoulosReimplementation","2","3","15005","60557","50080","976","4","0","0","0","0","40","9","24","3"
"AbaProReimplementation","2","3","15015","178672","155709","-102","4","0","0","0","0","50","19","20","6"
"PapadopoulosReimplementation","2","3","15007","40314","33084","954","4","0","0","0","0","48","5","23","3"
"AbaProReimplementation","2","3","15015","27471","25701","-104","3","0","0","0","0","53","31","14"
"PapadopoulosReimplementation","2","3","15007","67071","54808","1000","4","0","0","0","0","45","9","27","3"
"AbaProReimplementation","2","3","15013","366631","309874","-104","4","0","0","0","0","51","31","33","5"
"PapadopoulosReimplementation","2","3","15001","136609","111296","996","4","0","0","0","0","44","22","22","3"
"AbaProReimplementation","2","3","15008","727340","654319","-103","5","0","0","0","0","51","12","14","5","11"
"PapadopoulosReimplementation","2","3","15009","161493","129092","1010","4","0","0","0","0","46","21","30","3"
"AbaProReimplementation","2","3","15009","163360","138204","-105","4","0","0","0","0","53","16","27","5"
"PapadopoulosReimplementation","2","3","15011","288974","228436","1004","4","0","0","0","0","48","31","38","3"
"AbaProReimplementation","2","3","15007","168772","144655","-105","4","0","0","0","0","48","23","19","5"
"PapadopoulosReimplementation","2","3","15013","109205","87722","978","4","0","0","0","0","44","17","26","3"
"AbaProReimplementation","2","3","15011","260752","226802","-105","4","0","0","0","0","51","37","15","6"
"PapadopoulosReimplementation","2","3","15009","202278","160881","968","4","0","0","0","0","54","22","32","3"
"AbaProReimplementation","2","3","15005","148335","123653","-104","4","0","0","0","0","54","14","27","4"
"PapadopoulosReimplementation","2","3","15005","97204","80632","964","4","0","0","0","0","48","10","28","3"
"AbaProReimplementation","2","3","15007","179132","149613","-104","4","0","0","0","0","50","27","18","4"
"PapadopoulosReimplementation","2","3","15005","81328","65895","964","4","0","0","0","0","44","11","27","3"
"AbaProReimplementation","2","3","15012","213894","175786","-104","4","0","0","0","0","52","33","19","4"
"PapadopoulosReimplementation","2","3","15002","31183","25578","958","4","0","0","0","0","46","4","23","3"
"AbaProReimplementation","2","3","15003","264265","219559","-105","4","0","0","0","0","51","32","24","4"
"PapadopoulosReimplementation","2","3","15001","37001","30377","980","4","0","0","0","0","45","5","22","3"
"AbaProReimplementation","2","3","15015","297650","247579","-106","4","0","0","0","0","52","30","29","4"
"PapadopoulosReimplementation","2","3","15016","49277","40318","996","4","0","0","0","0","45","7","25","3"
"AbaProReimplementation","2","3","15009","115612","97548","-107","4","0","0","0","0","51","12","24","4"
"PapadopoulosReimplementation","2","3","15003","87352","67689","1038","4","0","0","0","0","42","13","31","2"
"AbaProReimplementation","2","3","15009","105222","88519","-108","4","0","0","0","0","51","10","28","5"
"PapadopoulosReimplementation","2","3","15011","86947","69733","1020","4","0","0","0","0","44","12","27","3"
"AbaProReimplementation","2","3","15010","88425","70689","-108","4","0","0","0","0","47","10","33","3"
"PapadopoulosReimplementation","2","3","15007","132498","104536","1032","4","0","0","0","0","41","19","33","3"
"AbaProReimplementation","2","3","15011","107010","90512","-107","4","0","0","0","0","46","17","17","5"
"PapadopoulosReimplementation","2","3","15007","65498","51476","1012","4","0","0","0","0","45","9","30","3"
"AbaProReimplementation","2","3","15006","617315","553836","-108","5","0","0","0","0","45","10","15","6","10"
"PapadopoulosReimplementation","2","3","15007","42345","33766","1026","4","0","0","0","0","40","6","28","3"
"AbaProReimplementation","2","3","15001","654381","585226","-107","5","0","0","0","0","45","12","14","6","10"
"PapadopoulosReimplementation","2","3","15014","100163","81142","1026","4","0","0","0","0","43","13","31","3"
"AbaProReimplementation","2","3","15015","136197","116123","-108","4","0","0","0","0","51","16","22","5"
"PapadopoulosReimplementation","2","3","15007","187436","150160","1050","4","0","0","0","0","46","23","31","3"
"AbaProReimplementation","2","3","15007","144249","127629","-107","4","0","0","0","0","50","22","11","7"
"PapadopoulosReimplementation","2","3","15011","81265","65552","1034","4","0","0","0","0","50","10","27","3"
"AbaProReimplementation","2","3","15009","78641","67882","-109","4","0","0","0","0","48","11","16","5"
"PapadopoulosReimplementation","2","3","15009","79485","64869","1050","4","0","0","0","0","46","10","28","3"
"AbaProReimplementation","2","3","15000","93578","77398","-109","4","0","0","0","0","50","11","25","4"
"PapadopoulosReimplementation","2","3","15005","78954","63155","1038","4","0","0","0","0","44","12","25","3"
"AbaProReimplementation","2","3","15011","107811","86048","-109","4","0","0","0","0","49","12","33","3"
"PapadopoulosReimplementation","2","3","15009","166395","132324","1056","4","0","0","0","0","40","27","29","3"
"AbaProReimplementation","2","3","15009","661452","593117","-107","5","0","0","0","0","49","11","15","5","10"
"PapadopoulosReimplementation","2","3","15009","120369","100250","1028","4","0","0","0","0","44","17","23","4"
"AbaProReimplementation","2","3","15003","615420","566184","-108","5","0","0","0","0","48","4","32","4","16"
"PapadopoulosReimplementation","2","3","15005","123005","100730","1036","4","0","0","0","0","39","22","23","4"
"AbaProReimplementation","2","3","15014","91429","78689","-106","4","0","0","0","0","50","14","13","5"
"PapadopoulosReimplementation","2","3","15015","34512","27866","990","4","0","0","0","0","46","5","23","3"
"AbaProReimplementation","2","3","15004","278614","235289","-107","4","0","0","0","0","51","31","24","5"
"PapadopoulosReimplementation","2","3","15011","46059","37954","1026","4","0","0","0","0","43","6","24","3"
"AbaProReimplementation","2","3","15005","112679","94430","-108","4","0","0","0","0","50","15","21","4"
"PapadopoulosReimplementation","2","3","15009","117701","93922","1056","4","0","0","0","0","40","20","26","3"
"AbaProReimplementation","2","3","15013","69902","61080","-108","4","0","0","0","0","51","7","17","6"
"PapadopoulosReimplementation","2","3","15009","115994","95060","1052","4","0","0","0","0","43","16","26","3"
"AbaProReimplementation","2","3","15013","163650","146250","-108","4","0","0","0","0","53","13","21","7"
"PapadopoulosReimplementation","2","3","15005","121568","99739","1052","4","0","0","0","0","45","19","22","3"
"AbaProReimplementation","2","3","15003","303775","282276","-107","4","0","0","0","0","52","36","8","14"
"PapadopoulosReimplementation","2","3","15003","50160","42795","1006","4","0","0","0","0","51","7","15","4"
"AbaProReimplementation","2","3","15011","197663","181800","-107","4","0","0","0","0","52","16","13","11"
"PapadopoulosReimplementation","2","4","15005","28833","23265","1014","4","0","0","0","0","50","5","19","3"
"AbaProReimplementation","2","4","15009","394997","354815","-201","5","0","0","0","0","51","4","19","6","11"
"PapadopoulosReimplementation","2","4","15014","98251","81622","1776","4","0","0","0","0","48","11","26","3"
"AbaProReimplementation","2","4","15005","643713","587371","-201","5","0","0","0","0","49","6","17","8","12"
"PapadopoulosReimplementation","2","4","15010","131031","105765","1814","4","0","0","0","0","43","16","32","3"
"AbaProReimplementation","2","4","15003","96116","83937","-201","4","0","0","0","0","48","13","15","6"
"PapadopoulosReimplementation","2","4","15008","105829","84482","1812","4","0","0","0","0","44","14","30","3"
"AbaProReimplementation","2","4","15008","111652","94521","-202","4","0","0","0","0","45","13","24","5"
"PapadopoulosReimplementation","2","4","15013","107976","89639","1828","4","0","0","0","0","45","13","28","3"
"AbaProReimplementation","2","4","15004","68956","58210","-203","4","0","0","0","0","54","11","14","5"
"PapadopoulosReimplementation","2","4","15005","97396","78748","1824","4","0","0","0","0","42","14","28","3"
"AbaProReimplementation","2","4","15013","274111","239215","-202","4","0","0","0","0","43","36","19","7"
"PapadopoulosReimplementation","2","4","15011","46257","36108","1810","4","0","0","0","0","46","7","26","3"
"AbaProReimplementation","2","4","15011","114444","98341","-203","4","0","0","0","0","46","21","13","6"
"PapadopoulosReimplementation","2","4","15005","43481","35163","1816","4","0","0","0","0","46","6","24","3"
"AbaProReimplementation","2","4","15009","194660","168999","-202","4","0","0","0","0","44","36","13","6"
"PapadopoulosReimplementation","2","4","15015","73317","58307","1820","4","0","0","0","0","49","9","30","3"
"AbaProReimplementation","2","4","15007","182985","154749","-204","4","0","0","0","0","41","22","27","5"
"PapadopoulosReimplementation","2","4","15005","155841","121199","1862","4","0","0","0","0","44","21","33","2"
"AbaProReimplementation","2","4","15005","721289","660768","-204","5","0","0","0","0","49","5","26","6","13"
"PapadopoulosReimplementation","2","4","15001","133691","106358","1848","4","0","0","0","0","50","13","38","3"
"AbaProReimplementation","2","4","15003","445982","407532","-203","5","0","0","0","0","49","4","15","7","12"
"PapadopoulosReimplementation","2","4","15010","46630","37613","1814","4","0","0","0","0","51","5","27","3"
"AbaProReimplementation","2","4","15001","257821","232630","-200","4","0","0","0","0","54","41","8","10"
"PapadopoulosReimplementation","2","5","15009","22706","17476","1794","4","0","0","0","0","55","2","31","1"
"AbaProReimplementation","2","5","15009","112931","98815","-291","4","0","0","0","0","44","22","11","7"
"PapadopoulosReimplementation","2","5","15011","48354","39413","2524","4","0","0","0","0","52","5","25","2"
"AbaProReimplementation","2","5","15009","71028","60971","-291","4","0","0","0","0","37","12","16","6"
"PapadopoulosReimplementation","2","5","15011","111123","89496","2548","4","0","0","0","0","53","10","37","3"
"AbaProReimplementation","2","5","15013","173699","146795","-293","4","0","0","0","0","39","32","18","5"
"PapadopoulosReimplementation","2","5","15001","165210","137025","2556","4","0","0","0","0","49","14","35","3"
"AbaProReimplementation","2","5","15007","342892","297568","-293","5","0","0","0","0","30","10","15","6","7"
"PapadopoulosReimplementation","2","5","15012","171146","137435","2564","4","0","0","0","0","50","15","40","3"
"AbaProReimplementation","2","5","15001","210469","190617","-291","4","0","0","0","0","33","55","8","10"
"PapadopoulosReimplementation","2","5","15015","417943","393198","2508","5","0","0","0","0","58","2","35","2","32"
"AbaProReimplementation","2","5","15009","160322","140078","-292","4","0","0","0","0","33","41","12","7"
"PapadopoulosReimplementation","2","5","15015","485090","455560","2544","5","0","0","0","0","58","3","27","3","23"
"AbaProReimplementation","2","5","15007","429056","367647","-293","5","0","0","0","0","39","13","9","9","6"
"PapadopoulosReimplementation","2","5","15012","480260","448152","2578","5","0","0","0","0","60","4","22","3","21"
"AbaProReimplementation","2","5","15011","595022","495929","-296","5","0","0","0","0","34","25","10","8","5"
"PapadopoulosReimplementation","2","5","15010","428590","404442","2578","5","0","0","0","0","64","2","34","2","32"
"AbaProReimplementation","2","5","15003","232885","214514","-296","4","0","0","0","0","35","56","7","13"
"PapadopoulosReimplementation","2","5","15011","33895","26512","2650","4","0","0","0","0","66","3","32","1"
"AbaProReimplementation","2","5","15009","208233","189067","-299","4","0","0","0","0","40","34","11","10"
"PapadopoulosReimplementation","2","5","15009","64649","52765","2682","4","0","0","0","0","60","6","27","2"
"AbaProReimplementation","2","5","15007","519978","460221","-303","5","0","0","0","0","46","9","12","7","8"
"PapadopoulosReimplementation","2","5","15007","104869","82476","2728","4","0","0","0","0","54","11","32","2"
"AbaProReimplementation","2","5","15013","13850","12356","-302","3","0","0","0","0","36","39","7"
"PapadopoulosReimplementation","2","6","15015","105434","66937","2678","7","0","0","0","0","51","1","1","12","1","31","1"
