"player","score of ConsiderSelfOnly","score of CondiserEnemyPosition","time spent","nodes visited","leaf nodes","rating of game state","depth","exact cuts","window cuts","windows narrowed","transposition table size","branching factor at depth 1","branching factor at depth 2","branching factor at depth 3","branching factor at depth 4","branching factor at depth 5","branching factor at depth 6","branching factor at depth 7"
"ConsiderSelfOnly","0","0","15012","208435","198730","-122","5","0","0","0","0","44","1","26","2","40"
"CondiserEnemyPosition","0","0","15003","93695","87284","-18","4","0","0","0","0","44","7","13","7"
"ConsiderSelfOnly","0","0","15004","470768","454331","-104","5","0","0","0","0","51","1","36","2","47"
"CondiserEnemyPosition","0","0","15007","200423","186469","-24","4","0","0","0","0","51","14","14","11"
"ConsiderSelfOnly","0","0","15001","27425","22704","-80","4","0","0","0","0","61","4","16","4"
"CondiserEnemyPosition","0","0","15014","103188","99724","6","3","0","0","0","0","54","62","28"
"ConsiderSelfOnly","0","0","15014","462042","443904","-86","5","0","0","0","0","65","1","33","1","49"
"CondiserEnemyPosition","0","0","15010","90684","87333","-26","3","0","0","0","0","58","55","26"
"ConsiderSelfOnly","0","0","15006","35725","29348","-34","4","0","0","0","0","66","5","16","4"
"CondiserEnemyPosition","0","0","15008","270409","250556","-74","4","0","0","0","0","69","15","14","9"
"ConsiderSelfOnly","0","0","15009","25966","19689","-20","4","0","0","0","0","67","2","30","2"
"CondiserEnemyPosition","0","0","15002","121646","117171","-22","3","0","0","0","0","65","66","26"
"ConsiderSelfOnly","0","0","15002","66802","54530","-4","4","0","0","0","0","69","6","23","4"
"CondiserEnemyPosition","0","0","15005","120170","116605","-48","3","0","0","0","0","72","47","33"
"ConsiderSelfOnly","0","0","15008","49691","42350","6","4","0","0","0","0","65","6","14","5"
"CondiserEnemyPosition","0","0","15010","266520","242254","-74","4","0","0","0","0","79","10","22","6"
"ConsiderSelfOnly","0","0","15016","52031","45196","6","4","0","0","0","0","61","6","12","6"
"CondiserEnemyPosition","0","0","15014","101751","98546","-12","3","0","0","0","0","70","43","31"
"ConsiderSelfOnly","0","0","15014","101463","85144","20","4","0","0","0","0","57","15","16","5"
"CondiserEnemyPosition","0","0","15014","95978","93015","-4","3","0","0","0","0","67","42","32"
"ConsiderSelfOnly","0","0","15007","154983","118023","12","4","0","0","0","0","50","20","34","3"
"CondiserEnemyPosition","0","0","15011","127100","123247","10","3","0","0","0","0","76","48","32"
"ConsiderSelfOnly","0","0","15004","93163","80763","20","4","0","0","0","0","55","14","13","6"
"CondiserEnemyPosition","0","0","15007","109005","106007","-4","3","0","0","0","0","71","40","36"
"ConsiderSelfOnly","0","0","15012","52124","43044","12","4","0","0","0","0","50","7","20","4"
"CondiserEnemyPosition","0","0","15016","107231","103724","6","3","0","0","0","0","69","48","30"
"ConsiderSelfOnly","0","0","15003","133115","116078","20","4","0","0","0","0","56","19","11","7"
"CondiserEnemyPosition","0","0","15005","112269","108960","-18","3","0","0","0","0","77","40","34"
"ConsiderSelfOnly","0","0","15012","122603","95276","12","4","0","0","0","0","51","16","30","3"
"CondiserEnemyPosition","0","0","15007","100958","97802","-26","3","0","0","0","0","75","40","32"
"ConsiderSelfOnly","0","0","15004","151602","131700","20","4","0","0","0","0","56","21","13","7"
"CondiserEnemyPosition","0","0","15001","136196","131689","-18","3","0","0","0","0","83","52","29"
"ConsiderSelfOnly","0","0","15011","58926","51312","6","4","0","0","0","0","61","7","13","7"
"CondiserEnemyPosition","0","0","15007","146533","142221","12","3","0","0","0","0","80","51","33"
"ConsiderSelfOnly","0","0","15006","434683","409228","-22","5","0","0","0","0","52","2","27","4","23"
"CondiserEnemyPosition","0","0","15005","148335","144121","-36","3","0","0","0","0","82","49","35"
"ConsiderSelfOnly","0","0","15016","39823","32387","6","4","0","0","0","0","67","3","26","3"
"CondiserEnemyPosition","0","0","15002","140421","136084","-6","3","0","0","0","0","74","56","31"
"ConsiderSelfOnly","0","0","15001","47312","37972","0","4","0","0","0","0","62","6","22","3"
"CondiserEnemyPosition","0","0","15009","157093","152270","-44","3","0","0","0","0","77","60","32"
"ConsiderSelfOnly","0","0","15001","38058","30465","26","4","0","0","0","0","74","3","26","3"
"CondiserEnemyPosition","0","0","15005","113700","109245","-62","3","0","0","0","0","85","50","25"
"ConsiderSelfOnly","0","0","15003","40819","33545","18","4","0","0","0","0","70","4","20","4"
"CondiserEnemyPosition","0","0","15002","120800","116037","-56","3","0","0","0","0","78","59","24"
"ConsiderSelfOnly","0","0","15010","22465","16913","38","4","0","0","0","0","70","2","33","2"
"CondiserEnemyPosition","0","0","15014","131363","126540","-86","3","0","0","0","0","83","56","26"
"ConsiderSelfOnly","0","0","15002","33592","26928","44","4","0","0","0","0","72","3","25","3"
"CondiserEnemyPosition","0","0","15006","147308","141872","-56","3","0","0","0","0","79","66","26"
"ConsiderSelfOnly","0","0","15014","32254","25645","50","4","0","0","0","0","70","3","26","3"
"CondiserEnemyPosition","0","0","15015","130571","126013","-54","3","0","0","0","0","72","61","27"
"ConsiderSelfOnly","0","0","15004","30466","24330","44","4","0","0","0","0","67","3","24","3"
"CondiserEnemyPosition","0","0","15001","124533","119957","-66","3","0","0","0","0","73","60","26"
"ConsiderSelfOnly","0","0","15013","40194","31599","50","4","0","0","0","0","70","3","31","3"
"CondiserEnemyPosition","0","0","15015","186163","179709","-34","3","0","0","0","0","83","75","27"
"ConsiderSelfOnly","0","0","15011","39848","32031","-8","4","0","0","0","0","80","3","29","3"
"CondiserEnemyPosition","0","0","15003","136784","131941","-68","3","0","0","0","0","77","60","27"
"ConsiderSelfOnly","0","0","15006","38443","30272","50","4","0","0","0","0","73","3","27","3"
"CondiserEnemyPosition","0","0","15000","146611","141816","-80","3","0","0","0","0","81","57","30"
"ConsiderSelfOnly","0","0","15003","36498","28635","44","4","0","0","0","0","67","3","30","3"
"CondiserEnemyPosition","0","0","15011","128074","123397","-54","3","0","0","0","0","74","61","26"
"ConsiderSelfOnly","0","0","15012","29294","22522","50","4","0","0","0","0","71","2","29","2"
"CondiserEnemyPosition","0","0","15001","97365","93511","-62","3","0","0","0","0","62","60","24"
"ConsiderSelfOnly","0","0","15005","32242","25307","44","4","0","0","0","0","68","3","25","3"
"CondiserEnemyPosition","0","0","15004","92687","88964","-74","3","0","0","0","0","61","59","23"
"ConsiderSelfOnly","0","0","15003","33249","26331","50","4","0","0","0","0","71","3","23","3"
"CondiserEnemyPosition","0","0","15003","97500","93875","-80","3","0","0","0","0","63","55","26"
"ConsiderSelfOnly","0","0","15014","27266","21298","44","4","0","0","0","0","68","2","26","2"
"CondiserEnemyPosition","0","0","15011","95730","91889","-74","3","0","0","0","0","64","58","24"
"ConsiderSelfOnly","0","0","15015","31923","24702","50","4","0","0","0","0","76","2","30","2"
"CondiserEnemyPosition","0","0","15005","99308","95208","-76","3","0","0","0","0","64","62","23"
"ConsiderSelfOnly","0","0","15006","29190","22670","44","4","0","0","0","0","72","2","28","2"
"CondiserEnemyPosition","0","0","15014","106560","102121","-64","3","0","0","0","0","64","67","23"
"ConsiderSelfOnly","0","0","15003","30234","23170","50","4","0","0","0","0","75","2","32","2"
"CondiserEnemyPosition","0","0","15002","92149","88254","-58","3","0","0","0","0","59","64","22"
"ConsiderSelfOnly","0","0","15015","29668","23102","44","4","0","0","0","0","72","2","28","2"
"CondiserEnemyPosition","0","0","15006","107435","103071","-64","3","0","0","0","0","65","65","23"
"ConsiderSelfOnly","0","0","15008","33139","25604","50","4","0","0","0","0","76","2","30","2"
"CondiserEnemyPosition","0","0","15015","105468","101204","-76","3","0","0","0","0","65","63","24"
"ConsiderSelfOnly","0","0","15009","32834","26426","44","4","0","0","0","0","72","3","24","3"
"CondiserEnemyPosition","0","0","15006","142995","137717","-56","3","0","0","0","0","77","66","26"
"ConsiderSelfOnly","0","0","15002","37167","29598","50","4","0","0","0","0","76","3","27","3"
"CondiserEnemyPosition","0","0","15010","143333","138111","-62","3","0","0","0","0","78","64","26"
"ConsiderSelfOnly","0","0","15005","41243","32399","44","4","0","0","0","0","76","3","28","3"
"CondiserEnemyPosition","0","0","15005","165614","160261","-82","3","0","0","0","0","84","61","30"
"ConsiderSelfOnly","0","0","15006","42135","33539","50","4","0","0","0","0","79","3","27","3"
"CondiserEnemyPosition","0","0","15010","170060","164541","-76","3","0","0","0","0","84","63","30"
"ConsiderSelfOnly","0","0","15016","33220","26553","44","4","0","0","0","0","73","3","25","3"
"CondiserEnemyPosition","0","0","15014","145741","140509","-68","3","0","0","0","0","77","65","27"
"ConsiderSelfOnly","0","0","15002","40778","32631","50","4","0","0","0","0","71","4","25","3"
"CondiserEnemyPosition","0","0","15003","119909","115388","-92","3","0","0","0","0","83","52","26"
"ConsiderSelfOnly","0","0","15010","41084","33646","44","4","0","0","0","0","69","3","29","4"
"CondiserEnemyPosition","0","0","15005","137250","132768","-86","3","0","0","0","0","77","56","30"
"ConsiderSelfOnly","0","0","15003","40304","32745","50","4","0","0","0","0","74","3","27","3"
"CondiserEnemyPosition","0","0","15006","143621","138908","-80","3","0","0","0","0","79","57","30"
"ConsiderSelfOnly","0","0","15002","29844","23946","44","4","0","0","0","0","67","3","24","3"
"CondiserEnemyPosition","0","0","15015","131422","126851","-60","3","0","0","0","0","72","61","27"
"ConsiderSelfOnly","0","0","15010","33012","26139","50","4","0","0","0","0","70","3","26","3"
"CondiserEnemyPosition","0","0","15007","120639","116087","-60","3","0","0","0","0","73","60","25"
"ConsiderSelfOnly","0","0","15008","34982","27922","44","4","0","0","0","0","73","3","25","3"
"CondiserEnemyPosition","0","0","15004","101265","97132","-94","3","0","0","0","0","74","53","23"
"ConsiderSelfOnly","0","0","15008","34545","27084","50","4","0","0","0","0","75","2","29","2"
"CondiserEnemyPosition","0","0","15015","117905","113376","-70","3","0","0","0","0","69","63","25"
"ConsiderSelfOnly","0","0","15016","31755","24914","44","4","0","0","0","0","73","2","27","2"
"CondiserEnemyPosition","0","0","15012","86774","83072","-102","3","0","0","0","0","71","50","22"
"ConsiderSelfOnly","0","0","15002","35893","28128","50","4","0","0","0","0","76","3","29","2"
"CondiserEnemyPosition","0","0","15005","109410","104856","-82","3","0","0","0","0","71","62","23"
"ConsiderSelfOnly","0","0","15005","41022","32834","44","4","0","0","0","0","76","2","32","3"
"CondiserEnemyPosition","0","0","15013","112174","107572","-96","3","0","0","0","0","73","61","23"
"ConsiderSelfOnly","0","0","15012","36162","28074","50","4","0","0","0","0","72","3","31","2"
"CondiserEnemyPosition","0","0","14999","102386","98351","-94","3","0","0","0","0","71","54","24"
"ConsiderSelfOnly","0","0","15014","44234","36682","44","4","0","0","0","0","68","4","22","4"
"CondiserEnemyPosition","0","0","15013","93519","89686","-118","3","0","0","0","0","80","45","24"
"ConsiderSelfOnly","0","0","15012","35585","28392","50","4","0","0","0","0","71","3","24","3"
"CondiserEnemyPosition","0","0","15013","114057","109743","-86","3","0","0","0","0","72","57","25"
"ConsiderSelfOnly","0","0","15015","29221","22991","44","4","0","0","0","0","68","2","26","2"
"CondiserEnemyPosition","0","0","15010","107130","103120","-86","3","0","0","0","0","67","57","25"
"ConsiderSelfOnly","0","0","15005","34412","27467","50","4","0","0","0","0","71","3","22","3"
"CondiserEnemyPosition","0","0","15005","82926","79522","-80","3","0","0","0","0","65","50","23"
"ConsiderSelfOnly","0","0","15015","28778","22561","44","4","0","0","0","0","68","2","26","2"
"CondiserEnemyPosition","0","0","15006","94206","90647","-80","3","0","0","0","0","67","51","25"
"ConsiderSelfOnly","0","0","15008","32774","25807","50","4","0","0","0","0","70","2","35","3"
"CondiserEnemyPosition","0","0","15009","103885","99823","-92","3","0","0","0","0","72","54","25"
"ConsiderSelfOnly","0","0","15005","50002","41584","56","4","0","0","0","0","67","5","17","4"
"CondiserEnemyPosition","0","0","15006","131172","126158","-54","3","0","0","0","0","74","65","25"
"ConsiderSelfOnly","0","0","15014","29802","21953","50","4","0","0","0","0","71","2","40","2"
"CondiserEnemyPosition","0","0","15011","89999","86228","-74","3","0","0","0","0","62","58","23"
"ConsiderSelfOnly","0","0","15009","41947","34151","56","4","0","0","0","0","73","3","24","3"
"CondiserEnemyPosition","0","0","15010","103807","99164","-64","3","0","0","0","0","65","69","21"
"ConsiderSelfOnly","0","0","15001","37606","28906","50","4","0","0","0","0","76","3","33","2"
"CondiserEnemyPosition","0","0","15015","101855","97498","-82","3","0","0","0","0","68","62","22"
"ConsiderSelfOnly","0","0","15010","39861","31214","56","4","0","0","0","0","73","3","28","2"
"CondiserEnemyPosition","0","0","15005","81559","77892","-78","3","0","0","0","0","55","64","21"
"ConsiderSelfOnly","0","0","15011","34170","25723","50","4","0","0","0","0","76","3","32","2"
"CondiserEnemyPosition","0","0","15004","67736","64253","-72","3","0","0","0","0","53","63","18"
"ConsiderSelfOnly","0","0","15002","50223","40546","56","4","0","0","0","0","73","4","24","3"
"CondiserEnemyPosition","0","0","15005","93007","88958","-64","3","0","0","0","0","60","65","21"
"ConsiderSelfOnly","0","0","15009","27348","20494","50","4","0","0","0","0","76","1","41","2"
"CondiserEnemyPosition","0","0","15015","99853","95620","-76","3","0","0","0","0","67","61","22"
"ConsiderSelfOnly","0","0","15013","37498","30484","56","4","0","0","0","0","68","3","22","3"
"CondiserEnemyPosition","0","0","15009","98178","94292","-74","3","0","0","0","0","61","61","24"
"ConsiderSelfOnly","0","0","15016","35442","27636","50","4","0","0","0","0","71","3","25","3"
"CondiserEnemyPosition","0","0","15006","89508","86029","-92","3","0","0","0","0","64","52","25"
"ConsiderSelfOnly","0","0","15014","145041","109201","56","4","0","0","0","0","65","12","40","2"
"CondiserEnemyPosition","0","0","15012","133132","128537","-54","3","0","0","0","0","74","60","28"
"ConsiderSelfOnly","0","0","15003","35572","28007","44","4","0","0","0","0","67","4","24","3"
"CondiserEnemyPosition","0","0","15014","114186","109667","-36","3","0","0","0","0","63","69","24"
"ConsiderSelfOnly","0","0","15003","38291","31149","12","4","0","0","0","0","71","4","19","3"
"CondiserEnemyPosition","0","0","15007","153293","147484","-2","3","0","0","0","0","74","76","25"
"ConsiderSelfOnly","0","0","15009","31880","24045","-8","4","0","0","0","0","76","2","32","2"
"CondiserEnemyPosition","0","0","15009","102499","98593","-54","3","0","0","0","0","63","60","25"
"ConsiderSelfOnly","0","0","15006","42035","34703","30","4","0","0","0","0","64","5","17","4"
"CondiserEnemyPosition","0","0","15010","141711","136566","-34","3","0","0","0","0","74","67","26"
"ConsiderSelfOnly","0","0","15014","33807","26789","24","4","0","0","0","0","77","3","25","3"
"CondiserEnemyPosition","0","0","15010","152918","148003","-60","3","0","0","0","0","77","61","30"
"ConsiderSelfOnly","0","0","15013","22162","16671","30","4","0","0","0","0","71","2","32","2"
"CondiserEnemyPosition","0","0","15011","136703","131911","-86","3","0","0","0","0","80","57","28"
"ConsiderSelfOnly","0","0","15001","37388","29944","50","4","0","0","0","0","73","3","28","3"
"CondiserEnemyPosition","0","0","15015","138078","133252","-74","3","0","0","0","0","77","60","28"
"ConsiderSelfOnly","0","0","15013","37612","29876","44","4","0","0","0","0","72","3","28","3"
"CondiserEnemyPosition","0","0","15003","169992","164289","-54","3","0","0","0","0","80","69","28"
"ConsiderSelfOnly","0","0","15009","33619","26997","18","4","0","0","0","0","74","3","26","3"
"CondiserEnemyPosition","0","0","15015","147173","142010","-74","3","0","0","0","0","78","64","27"
"ConsiderSelfOnly","0","0","15014","30253","23096","44","4","0","0","0","0","72","2","41","2"
"CondiserEnemyPosition","0","0","15003","122393","117547","-62","3","0","0","0","0","77","60","24"
"ConsiderSelfOnly","0","0","15003","50671","40551","56","4","0","0","0","0","70","4","25","3"
"CondiserEnemyPosition","0","0","15011","109124","104699","-58","3","0","0","0","0","65","66","23"
"ConsiderSelfOnly","0","0","15014","35042","27122","44","4","0","0","0","0","72","3","28","2"
"CondiserEnemyPosition","0","0","15006","77766","74295","-70","3","0","0","0","0","59","56","21"
"ConsiderSelfOnly","0","0","15013","40651","32937","56","4","0","0","0","0","70","3","24","3"
"CondiserEnemyPosition","0","0","15011","105218","100912","-58","3","0","0","0","0","65","64","23"
"ConsiderSelfOnly","0","0","15011","33270","25783","44","4","0","0","0","0","73","3","28","2"
"CondiserEnemyPosition","0","0","15006","92746","88858","-88","3","0","0","0","0","65","57","23"
"ConsiderSelfOnly","0","0","15002","57865","48941","56","4","0","0","0","0","66","7","14","5"
"CondiserEnemyPosition","0","0","15010","100595","96711","-68","3","0","0","0","0","65","57","25"
"ConsiderSelfOnly","0","0","15014","31847","24659","44","4","0","0","0","0","67","2","34","2"
"CondiserEnemyPosition","0","0","15014","115793","111466","-66","3","0","0","0","0","73","57","26"
"ConsiderSelfOnly","0","0","15010","58151","49384","56","4","0","0","0","0","65","7","14","5"
"CondiserEnemyPosition","0","0","15014","122462","117919","-60","3","0","0","0","0","73","60","26"
"ConsiderSelfOnly","0","0","15007","29758","22526","44","4","0","0","0","0","73","2","38","2"
"CondiserEnemyPosition","0","0","15009","130919","126057","-92","3","0","0","0","0","79","59","26"
"ConsiderSelfOnly","0","0","15001","56984","46536","56","4","0","0","0","0","70","5","23","3"
"CondiserEnemyPosition","0","0","15003","142625","137457","-50","3","0","0","0","0","75","66","26"
"ConsiderSelfOnly","0","0","15008","38669","30030","44","4","0","0","0","0","73","3","32","2"
"CondiserEnemyPosition","0","0","15008","131225","126366","-74","3","0","0","0","0","78","60","26"
"ConsiderSelfOnly","0","0","15007","60958","47794","56","4","0","0","0","0","74","5","31","3"
"CondiserEnemyPosition","0","0","15005","175110","169370","-76","3","0","0","0","0","84","66","29"
"ConsiderSelfOnly","0","0","15003","43838","33613","44","4","0","0","0","0","76","3","40","2"
"CondiserEnemyPosition","0","0","15003","149914","144654","-88","3","0","0","0","0","84","60","27"
"ConsiderSelfOnly","0","0","15001","72684","61872","56","4","0","0","0","0","71","7","16","5"
"CondiserEnemyPosition","0","0","15001","147275","142024","-62","3","0","0","0","0","77","66","27"
"ConsiderSelfOnly","0","0","15008","40576","33025","44","4","0","0","0","0","73","4","22","3"
"CondiserEnemyPosition","0","0","15003","132549","127672","-86","3","0","0","0","0","79","59","26"
"ConsiderSelfOnly","0","0","15001","67289","55388","56","4","0","0","0","0","68","6","21","4"
"CondiserEnemyPosition","0","0","15012","136527","131523","-54","3","0","0","0","0","76","63","26"
"ConsiderSelfOnly","0","0","15005","36670","29306","44","4","0","0","0","0","68","3","27","3"
"CondiserEnemyPosition","0","0","15003","125358","121036","-90","3","0","0","0","0","77","54","28"
"ConsiderSelfOnly","0","0","15012","50387","42461","56","4","0","0","0","0","63","5","18","5"
"CondiserEnemyPosition","0","0","15004","121441","117152","-58","3","0","0","0","0","72","57","27"
"ConsiderSelfOnly","0","0","15015","40388","32184","44","4","0","0","0","0","63","4","24","3"
"CondiserEnemyPosition","0","0","15009","104921","100958","-76","3","0","0","0","0","68","56","25"
"ConsiderSelfOnly","0","0","15010","75412","65930","56","4","0","0","0","0","63","11","11","7"
"CondiserEnemyPosition","0","0","15015","121165","116555","-88","3","0","0","0","0","71","62","25"
"ConsiderSelfOnly","0","0","15005","52831","44446","44","4","0","0","0","0","65","5","18","5"
"CondiserEnemyPosition","0","0","15015","111142","107119","-132","3","0","0","0","0","70","55","26"
"ConsiderSelfOnly","0","0","15014","70057","58127","82","4","0","0","0","0","64","7","21","4"
"CondiserEnemyPosition","0","0","15015","99944","96380","-144","3","0","0","0","0","63","54","27"
"ConsiderSelfOnly","0","0","15013","49813","39313","68","4","0","0","0","0","61","6","24","3"
"CondiserEnemyPosition","0","0","15002","113496","109568","-158","3","0","0","0","0","81","46","28"
"ConsiderSelfOnly","0","0","15012","66822","56231","82","4","0","0","0","0","65","8","16","5"
"CondiserEnemyPosition","0","0","15005","111167","106986","-132","3","0","0","0","0","66","61","25"
"ConsiderSelfOnly","0","0","15007","38109","30267","68","4","0","0","0","0","62","5","21","3"
"CondiserEnemyPosition","0","0","15006","107340","103247","-172","3","0","0","0","0","72","54","25"
"ConsiderSelfOnly","0","0","15010","59412","49861","82","4","0","0","0","0","66","7","15","5"
"CondiserEnemyPosition","0","0","15006","86473","82796","-158","3","0","0","0","0","57","62","22"
"ConsiderSelfOnly","0","0","15003","34665","26242","68","4","0","0","0","0","63","4","27","2"
"CondiserEnemyPosition","0","0","15007","70735","67227","-186","3","0","0","0","0","55","61","18"
"ConsiderSelfOnly","0","0","15007","25773","19368","82","4","0","0","0","0","68","2","30","2"
"CondiserEnemyPosition","0","0","15005","70135","67062","-184","3","0","0","0","0","55","53","21"
"ConsiderSelfOnly","0","0","15011","26355","20565","68","4","0","0","0","0","62","3","23","2"
"CondiserEnemyPosition","0","0","15015","94874","91278","-176","3","0","0","0","0","53","65","25"
"ConsiderSelfOnly","1","0","15003","454080","430427","54","5","0","0","0","0","65","2","36","2","33"
"CondiserEnemyPosition","1","0","15003","244191","212350","-1144","4","0","0","0","0","55","27","19","6"
"ConsiderSelfOnly","1","0","15011","25865","19285","812","4","0","0","0","0","69","2","33","2"
"CondiserEnemyPosition","1","0","15011","93962","90361","-1036","3","0","0","0","0","60","58","24"
"ConsiderSelfOnly","1","0","15010","32096","24143","854","4","0","0","0","0","67","3","33","2"
"CondiserEnemyPosition","1","0","15007","92811","89269","-1056","3","0","0","0","0","58","59","24"
"ConsiderSelfOnly","1","0","15004","43585","32828","892","4","0","0","0","0","68","4","34","2"
"CondiserEnemyPosition","1","0","15015","83061","79653","-1030","3","0","0","0","0","53","62","23"
"ConsiderSelfOnly","1","0","15010","42508","32201","892","4","0","0","0","0","67","4","32","2"
"CondiserEnemyPosition","1","0","15000","93506","89971","-1030","3","0","0","0","0","56","61","25"
"ConsiderSelfOnly","1","0","15006","43739","34112","892","4","0","0","0","0","68","4","28","2"
"CondiserEnemyPosition","1","0","15003","111586","107638","-1048","3","0","0","0","0","66","57","27"
"ConsiderSelfOnly","1","0","15005","45979","35704","892","4","0","0","0","0","66","4","30","2"
"CondiserEnemyPosition","1","0","15004","127633","122973","-1016","3","0","0","0","0","73","61","26"
"ConsiderSelfOnly","1","0","15009","39833","31226","892","4","0","0","0","0","68","3","29","2"
"CondiserEnemyPosition","1","0","15015","108519","104709","-1042","3","0","0","0","0","67","54","27"
"ConsiderSelfOnly","1","0","15004","46561","35751","892","4","0","0","0","0","68","4","29","2"
"CondiserEnemyPosition","1","0","15007","102892","99293","-1036","3","0","0","0","0","63","55","27"
"ConsiderSelfOnly","1","0","15006","38517","29720","892","4","0","0","0","0","68","3","30","2"
"CondiserEnemyPosition","1","0","15005","98862","95098","-1030","3","0","0","0","0","61","59","25"
"ConsiderSelfOnly","1","0","15011","36333","28065","892","4","0","0","0","0","66","3","28","2"
"CondiserEnemyPosition","1","0","15008","106103","102389","-1042","3","0","0","0","0","63","56","27"
"ConsiderSelfOnly","1","0","15014","30806","23758","892","4","0","0","0","0","67","3","29","2"
"CondiserEnemyPosition","1","0","15013","104025","100242","-1036","3","0","0","0","0","59","62","26"
"ConsiderSelfOnly","1","0","15001","34741","26578","892","4","0","0","0","0","66","3","30","2"
"CondiserEnemyPosition","1","0","15010","88553","85071","-1024","3","0","0","0","0","59","57","24"
"ConsiderSelfOnly","1","0","15014","36966","28549","892","4","0","0","0","0","68","3","30","2"
"CondiserEnemyPosition","1","0","15005","94756","90979","-1024","3","0","0","0","0","59","62","24"
"ConsiderSelfOnly","1","0","15003","56774","44392","882","4","0","0","0","0","68","6","27","3"
"CondiserEnemyPosition","1","0","15005","116601","112287","-1030","3","0","0","0","0","64","65","25"
"ConsiderSelfOnly","1","0","15014","37578","27733","848","4","0","0","0","0","67","3","44","2"
"CondiserEnemyPosition","1","0","15008","78566","75518","-1084","3","0","0","0","0","61","47","24"
"ConsiderSelfOnly","1","0","15005","64649","53168","898","4","0","0","0","0","60","9","17","4"
"CondiserEnemyPosition","1","0","15015","94564","90854","-1002","3","0","0","0","0","59","60","24"
"ConsiderSelfOnly","1","0","15004","35275","25642","848","4","0","0","0","0","67","3","37","2"
"CondiserEnemyPosition","1","0","15006","86113","82254","-1084","3","0","0","0","0","60","62","20"
"ConsiderSelfOnly","1","0","15010","37623","29921","906","4","0","0","0","0","65","4","24","3"
"CondiserEnemyPosition","1","0","15005","121613","117067","-1076","3","0","0","0","0","66","66","25"
"ConsiderSelfOnly","1","0","15003","36905","28788","876","4","0","0","0","0","72","3","27","2"
"CondiserEnemyPosition","1","0","15001","67905","64586","-1104","3","0","0","0","0","58","55","19"
"ConsiderSelfOnly","1","0","15004","60708","46678","910","4","0","0","0","0","69","6","28","2"
"CondiserEnemyPosition","1","0","15016","156007","138690","-1166","4","0","0","0","0","64","11","20","7"
"ConsiderSelfOnly","1","0","15006","33260","24657","900","4","0","0","0","0","61","3","33","2"
"CondiserEnemyPosition","1","0","15013","94848","90843","-1008","3","0","0","0","0","56","69","22"
"ConsiderSelfOnly","2","0","15016","480333","456357","854","5","0","0","0","0","62","2","30","2","34"
"CondiserEnemyPosition","2","0","15007","55735","53427","-1742","3","0","0","0","0","49","45","23"
"ConsiderSelfOnly","2","0","15004","65735","55338","1596","4","0","0","0","0","68","9","14","5"
"CondiserEnemyPosition","2","0","15015","224523","200650","-1742","4","0","0","0","0","43","25","17","7"
"ConsiderSelfOnly","2","0","15004","44293","37022","1590","4","0","0","0","0","61","5","16","4"
"CondiserEnemyPosition","2","0","15011","75033","71568","-1784","3","0","0","0","0","56","59","20"
"ConsiderSelfOnly","2","0","15007","30189","23524","1596","4","0","0","0","0","59","3","27","2"
"CondiserEnemyPosition","2","0","15006","47706","45432","-1822","3","0","0","0","0","42","52","19"
"ConsiderSelfOnly","2","0","15001","37125","29956","1608","4","0","0","0","0","59","4","21","3"
"CondiserEnemyPosition","2","0","15007","53880","51445","-1846","3","0","0","0","0","44","53","20"
"ConsiderSelfOnly","2","0","15002","24291","18431","1608","4","0","0","0","0","60","2","38","1"
"CondiserEnemyPosition","2","0","15015","59505","56768","-1858","3","0","0","0","0","50","52","20"
"ConsiderSelfOnly","2","0","15009","54025","43692","1680","4","0","0","0","0","60","7","18","3"
"CondiserEnemyPosition","2","0","15012","71649","68240","-1844","3","0","0","0","0","48","69","19"
"ConsiderSelfOnly","2","0","15015","635347","605599","1622","5","0","0","0","0","68","3","33","2","35"
"CondiserEnemyPosition","2","0","15012","64033","61024","-1876","3","0","0","0","0","42","69","19"
"ConsiderSelfOnly","2","0","15007","642044","609596","1606","5","0","0","0","0","69","3","32","2","32"
"CondiserEnemyPosition","2","0","15011","56045","53174","-1866","3","0","0","0","0","38","73","18"
"ConsiderSelfOnly","3","0","15011","460002","439326","1592","5","0","0","0","0","74","1","42","1","50"
"CondiserEnemyPosition","3","0","15014","42120","39020","-2780","3","0","0","0","0","44","68","11"
"ConsiderSelfOnly","3","0","15012","629395","600743","2380","5","0","0","0","0","68","2","41","2","38"
"CondiserEnemyPosition","3","0","15006","33099","30695","-2834","3","0","0","0","0","35","66","12"
"ConsiderSelfOnly","4","0","15008","433046","413331","2344","5","0","0","0","0","71","2","37","1","50"
"CondiserEnemyPosition","4","0","15004","207751","191578","-3492","4","0","0","0","0","35","42","8","13"
"ConsiderSelfOnly","5","0","15013","357347","311013","3062","6","0","0","0","0","74","1","2","10","10","7"
"CondiserEnemyPosition","5","0","15004","29267","27300","-4144","3","0","0","0","0","34","55","13"
"ConsiderSelfOnly","5","0","15013","350978","299370","3816","6","0","0","0","0","68","1","3","8","12","4"
"CondiserEnemyPosition","5","0","15011","21341","20049","-4180","3","0","0","0","0","27","45","14"
"ConsiderSelfOnly","5","0","15008","128520","96190","3898","7","0","0","0","0","66","1","1","9","1","21","1"
"CondiserEnemyPosition","5","0","15010","12367","11678","-4224","3","0","0","0","0","27","23","15"
"ConsiderSelfOnly","5","0","15012","439786","372413","3766","6","0","0","0","0","61","1","3","10","12","5"
"CondiserEnemyPosition","5","0","15009","24140","22875","-4220","3","0","0","0","0","33","36","18"
"ConsiderSelfOnly","5","0","15011","295615","259498","3930","6","0","0","0","0","55","1","1","18","7","9"
"CondiserEnemyPosition","5","0","15005","23734","22395","-4212","3","0","0","0","0","36","35","16"
"ConsiderSelfOnly","5","0","15004","97849","66961","3940","7","0","0","0","0","52","1","1","10","1","24","1"
"CondiserEnemyPosition","5","0","15016","19032","17828","-4226","3","0","0","0","0","28","41","14"
"ConsiderSelfOnly","5","0","15003","144759","128468","3962","6","0","0","0","0","47","1","1","16","3","12"
"CondiserEnemyPosition","5","0","15006","30873","29134","-4238","3","0","0","0","0","37","45","16"
"ConsiderSelfOnly","5","0","15012","161282","118195","3936","7","0","0","0","0","56","1","1","11","1","28","1"
"CondiserEnemyPosition","5","0","15006","26491","25104","-4282","3","0","0","0","0","31","42","17"
"ConsiderSelfOnly","5","0","15004","118300","107053","3976","6","0","0","0","0","53","1","1","16","2","16"
"CondiserEnemyPosition","5","0","15010","39638","37609","-4280","3","0","0","0","0","39","50","18"
"ConsiderSelfOnly","5","0","15002","183318","157434","4028","6","0","0","0","0","61","1","1","14","4","8"
"CondiserEnemyPosition","5","0","15006","37030","35105","-4298","3","0","0","0","0","39","47","17"
"ConsiderSelfOnly","5","0","15012","220882","200466","4044","5","0","0","0","0","62","2","11","5","19"
"CondiserEnemyPosition","5","0","15009","31152","29227","-4304","3","0","0","0","0","35","53","14"
"ConsiderSelfOnly","5","0","15008","149284","123948","4044","6","0","0","0","0","59","2","1","10","4","7"
"CondiserEnemyPosition","5","0","15004","30629","28429","-4326","3","0","0","0","0","38","55","12"
"ConsiderSelfOnly","5","0","15002","109616","73849","4042","7","0","0","0","0","63","1","1","11","1","25","1"
"CondiserEnemyPosition","5","0","15011","37","37","-4364","1","0","0","0","0","37"
"ConsiderSelfOnly","6","0","15005","103715","66620","4036","7","0","0","0","0","68","1","1","11","1","25","1"
