"player","score of CondiserEnemyPosition","score of ConsiderSelfOnly","time spent","nodes visited","leaf nodes","rating of game state","depth","exact cuts","window cuts","windows narrowed","transposition table size","branching factor at depth 1","branching factor at depth 2","branching factor at depth 3","branching factor at depth 4","branching factor at depth 5","branching factor at depth 6"
"CondiserEnemyPosition","0","0","15003","79769","72166","0","4","0","0","0","0","44","8","14","6"
"ConsiderSelfOnly","0","0","15001","167601","157438","-122","5","0","0","0","0","44","2","24","2","29"
"CondiserEnemyPosition","0","0","15004","120055","112011","0","4","0","0","0","0","51","6","17","7"
"ConsiderSelfOnly","0","0","15002","349984","334979","-104","5","0","0","0","0","51","2","28","2","39"
"CondiserEnemyPosition","0","0","15002","139948","131184","0","4","0","0","0","0","62","6","13","9"
"ConsiderSelfOnly","0","0","15014","13616","10203","-80","4","0","0","0","0","54","2","26","2"
"CondiserEnemyPosition","0","0","15004","154149","141837","-14","4","0","0","0","0","62","4","30","5"
"ConsiderSelfOnly","0","0","15015","20520","16065","-60","4","0","0","0","0","58","3","21","3"
"CondiserEnemyPosition","0","0","15009","81646","78409","4","3","0","0","0","0","62","50","24"
"ConsiderSelfOnly","0","0","15008","32790","26421","-40","4","0","0","0","0","62","4","19","3"
"CondiserEnemyPosition","0","0","15008","133952","125002","-2","4","0","0","0","0","65","3","26","7"
"ConsiderSelfOnly","0","0","15004","54131","42263","-32","4","0","0","0","0","61","7","25","3"
"CondiserEnemyPosition","0","0","15013","205668","189461","18","4","0","0","0","0","70","6","30","7"
"ConsiderSelfOnly","0","0","15013","422713","397750","-24","5","0","0","0","0","53","2","25","4","26"
"CondiserEnemyPosition","0","0","15010","213509","192660","-4","4","0","0","0","0","75","7","31","6"
"ConsiderSelfOnly","0","0","15006","6573","6102","-22","3","0","0","0","0","60","5","16"
"CondiserEnemyPosition","0","0","15012","268560","240487","38","4","0","0","0","0","71","8","37","6"
"ConsiderSelfOnly","0","0","15008","81855","69002","-14","4","0","0","0","0","66","8","19","5"
"CondiserEnemyPosition","0","0","15001","143745","140087","62","3","0","0","0","0","80","43","39"
"ConsiderSelfOnly","0","0","15000","64487","55646","-22","4","0","0","0","0","55","11","12","6"
"CondiserEnemyPosition","0","0","15001","107365","104313","62","3","0","0","0","0","74","39","35"
"ConsiderSelfOnly","0","0","15009","138318","113499","-24","4","0","0","0","0","49","21","20","4"
"CondiserEnemyPosition","0","0","15014","150244","146402","78","3","0","0","0","0","74","49","39"
"ConsiderSelfOnly","0","0","15011","52057","44352","-22","4","0","0","0","0","54","9","13","5"
"CondiserEnemyPosition","0","0","15001","108468","105441","76","3","0","0","0","0","71","40","36"
"ConsiderSelfOnly","0","0","15004","109095","86831","-24","4","0","0","0","0","48","16","26","3"
"CondiserEnemyPosition","0","0","15011","134989","131437","86","3","0","0","0","0","69","49","37"
"ConsiderSelfOnly","0","0","15008","33420","27698","-22","4","0","0","0","0","52","5","18","4"
"CondiserEnemyPosition","0","0","15002","104333","101419","90","3","0","0","0","0","68","40","35"
"ConsiderSelfOnly","0","0","15012","67409","54116","-24","4","0","0","0","0","48","9","25","3"
"CondiserEnemyPosition","0","0","15011","129228","125757","82","3","0","0","0","0","71","46","37"
"ConsiderSelfOnly","0","0","15003","67255","58611","-22","4","0","0","0","0","55","11","11","7"
"CondiserEnemyPosition","0","0","15011","125729","122204","88","3","0","0","0","0","75","45","35"
"ConsiderSelfOnly","0","0","15010","94654","74092","-24","4","0","0","0","0","49","13","29","3"
"CondiserEnemyPosition","0","0","15001","151201","147311","86","3","0","0","0","0","76","49","38"
"ConsiderSelfOnly","0","0","15001","58195","49490","-22","4","0","0","0","0","54","9","14","5"
"CondiserEnemyPosition","0","0","15002","117663","114443","88","3","0","0","0","0","75","40","36"
"ConsiderSelfOnly","0","0","15003","38830","33513","-24","4","0","0","0","0","49","6","13","6"
"CondiserEnemyPosition","0","0","15001","133883","130590","74","3","0","0","0","0","75","41","40"
"ConsiderSelfOnly","0","0","15012","46868","40083","-22","4","0","0","0","0","55","7","14","5"
"CondiserEnemyPosition","0","0","15009","107463","104805","64","3","0","0","0","0","79","31","41"
"ConsiderSelfOnly","0","0","15011","179366","149766","-24","4","0","0","0","0","47","30","18","5"
"CondiserEnemyPosition","0","0","15007","132552","129353","62","3","0","0","0","0","78","39","42"
"ConsiderSelfOnly","0","0","15013","74178","64147","-22","4","0","0","0","0","53","12","13","6"
"CondiserEnemyPosition","0","0","15007","165987","162021","70","3","0","0","0","0","81","46","42"
"ConsiderSelfOnly","0","0","15000","44252","37214","-30","4","0","0","0","0","58","6","17","5"
"CondiserEnemyPosition","0","0","15002","145584","142101","84","3","0","0","0","0","79","42","42"
"ConsiderSelfOnly","0","0","15009","50449","44091","-32","4","0","0","0","0","51","7","13","7"
"CondiserEnemyPosition","0","0","15005","139947","137011","78","3","0","0","0","0","82","33","49"
"ConsiderSelfOnly","0","0","15003","39062","34547","-38","4","0","0","0","0","47","6","11","8"
"CondiserEnemyPosition","0","0","15015","152042","148761","84","3","0","0","0","0","79","39","47"
"ConsiderSelfOnly","0","0","15010","54176","47097","-32","4","0","0","0","0","52","7","15","6"
"CondiserEnemyPosition","0","0","15003","107051","104186","52","3","0","0","0","0","81","33","38"
"ConsiderSelfOnly","0","0","15002","40543","34387","-32","4","0","0","0","0","51","6","16","5"
"CondiserEnemyPosition","0","0","15013","145838","142265","82","3","0","0","0","0","78","43","40"
"ConsiderSelfOnly","0","0","15007","48011","41151","-30","4","0","0","0","0","54","6","16","6"
"CondiserEnemyPosition","0","0","15001","120766","117517","92","3","0","0","0","0","73","42","37"
"ConsiderSelfOnly","0","0","15005","74185","62059","-32","4","0","0","0","0","48","9","22","5"
"CondiserEnemyPosition","0","0","15013","113847","110757","98","3","0","0","0","0","65","45","36"
"ConsiderSelfOnly","0","0","15009","68505","57801","-72","4","0","0","0","0","58","9","16","5"
"CondiserEnemyPosition","0","0","15015","171577","154269","42","4","0","0","0","0","67","4","46","5"
"ConsiderSelfOnly","0","0","15015","90944","73918","-22","4","0","0","0","0","49","12","25","4"
"CondiserEnemyPosition","0","0","15003","144440","140752","88","3","0","0","0","0","74","47","39"
"ConsiderSelfOnly","0","0","15005","62185","53214","-22","4","0","0","0","0","53","8","17","6"
"CondiserEnemyPosition","0","0","15009","99957","96851","64","3","0","0","0","0","69","43","31"
"ConsiderSelfOnly","0","0","15013","73400","60212","-54","4","0","0","0","0","62","6","26","4"
"CondiserEnemyPosition","0","0","15005","129213","126021","52","3","0","0","0","0","75","40","40"
"ConsiderSelfOnly","0","0","15008","124827","99521","-22","4","0","0","0","0","53","14","30","3"
"CondiserEnemyPosition","0","0","15013","109606","106717","84","3","0","0","0","0","72","38","38"
"ConsiderSelfOnly","0","0","15001","118154","95606","-32","4","0","0","0","0","47","16","27","4"
"CondiserEnemyPosition","0","0","15015","123781","120489","92","3","0","0","0","0","70","45","37"
"ConsiderSelfOnly","0","0","15013","57046","47671","-82","4","0","0","0","0","59","7","17","4"
"CondiserEnemyPosition","0","0","15001","168547","152209","56","4","0","0","0","0","70","5","35","4"
"ConsiderSelfOnly","0","0","15015","29080","24206","-46","4","0","0","0","0","58","3","20","4"
"CondiserEnemyPosition","0","0","15014","141449","137939","72","3","0","0","0","0","75","44","40"
"ConsiderSelfOnly","0","0","15009","8722","7453","-22","3","0","0","0","0","55","21","6"
"CondiserEnemyPosition","0","0","15014","283394","256886","76","4","0","0","0","0","74","5","54","5"
"ConsiderSelfOnly","0","0","15003","63117","54978","-62","4","0","0","0","0","63","8","13","6"
"CondiserEnemyPosition","0","0","15001","138775","134734","52","3","0","0","0","0","74","52","34"
"ConsiderSelfOnly","0","0","15014","28618","25011","-14","3","0","0","0","0","69","50","6"
"CondiserEnemyPosition","0","0","15009","134293","130041","58","3","0","0","0","0","70","58","30"
"ConsiderSelfOnly","0","0","15009","10872","9860","-42","3","0","0","0","0","63","14","10"
"CondiserEnemyPosition","0","0","15005","129163","125365","52","3","0","0","0","0","72","50","33"
"ConsiderSelfOnly","0","0","15003","337670","308171","-14","4","0","0","0","0","64","39","9","11"
"CondiserEnemyPosition","0","0","15008","162796","158331","98","3","0","0","0","0","70","61","35"
"ConsiderSelfOnly","0","0","15015","114247","100791","-46","4","0","0","0","0","68","10","16","7"
"CondiserEnemyPosition","0","0","15007","95558","92121","102","3","0","0","0","0","66","50","27"
"ConsiderSelfOnly","0","0","15003","93124","77160","-80","4","0","0","0","0","68","11","18","4"
"CondiserEnemyPosition","0","0","15009","237349","207731","104","4","0","0","0","0","68","9","40","5"
"ConsiderSelfOnly","0","0","15007","143212","127176","-58","4","0","0","0","0","69","13","13","8"
"CondiserEnemyPosition","0","0","15003","153561","149754","146","3","0","0","0","0","72","50","40"
"ConsiderSelfOnly","0","0","15005","25268","20462","-82","4","0","0","0","0","56","3","22","3"
"CondiserEnemyPosition","0","0","15005","139545","136129","114","3","0","0","0","0","69","47","40"
"ConsiderSelfOnly","0","0","15001","25218","21524","-54","4","0","0","0","0","48","3","16","5"
"CondiserEnemyPosition","0","0","15013","120707","117410","104","3","0","0","0","0","74","42","36"
"ConsiderSelfOnly","0","0","15007","82489","72716","-80","4","0","0","0","0","45","12","15","7"
"CondiserEnemyPosition","0","0","15007","120251","117273","32","3","0","0","0","0","74","38","40"
"ConsiderSelfOnly","0","0","15003","46835","39041","-54","4","0","0","0","0","59","6","16","4"
"CondiserEnemyPosition","0","0","15010","118031","114232","66","3","0","0","0","0","72","50","30"
"ConsiderSelfOnly","0","0","15006","52117","45627","-34","4","0","0","0","0","61","6","13","7"
"CondiserEnemyPosition","0","0","15015","149498","145258","82","3","0","0","0","0","77","53","34"
"ConsiderSelfOnly","0","0","15004","115129","87984","-48","4","0","0","0","0","60","11","37","3"
"CondiserEnemyPosition","0","0","15013","122740","119561","78","3","0","0","0","0","76","39","38"
"ConsiderSelfOnly","0","0","15009","67513","58034","-74","4","0","0","0","0","60","8","16","6"
"CondiserEnemyPosition","0","0","15003","201626","181166","66","4","0","0","0","0","81","4","47","3"
"ConsiderSelfOnly","0","0","15006","120132","108468","-58","4","0","0","0","0","59","15","10","10"
"CondiserEnemyPosition","0","0","15004","146981","142930","52","3","0","0","0","0","79","49","36"
"ConsiderSelfOnly","0","0","15006","26227","23835","-30","3","0","0","0","0","69","32","10"
"CondiserEnemyPosition","0","0","15001","134571","130869","68","3","0","0","0","0","75","47","36"
"ConsiderSelfOnly","0","0","15015","8967","8341","-44","3","0","0","0","0","69","7","14"
"CondiserEnemyPosition","0","0","15011","169528","165014","62","3","0","0","0","0","80","54","37"
"ConsiderSelfOnly","0","0","15013","92596","83211","-32","4","0","0","0","0","63","12","9","10"
"CondiserEnemyPosition","0","0","15015","139779","135623","72","3","0","0","0","0","73","54","33"
"ConsiderSelfOnly","0","0","15001","12240","11084","-14","3","0","0","0","0","64","16","9"
"CondiserEnemyPosition","0","0","15015","153454","148820","64","3","0","0","0","0","79","56","32"
"ConsiderSelfOnly","0","0","15015","159429","143780","-54","4","0","0","0","0","69","18","9","10"
"CondiserEnemyPosition","0","0","15014","134451","129875","42","3","0","0","0","0","80","55","28"
"ConsiderSelfOnly","0","0","15003","38062","34524","-10","3","0","0","0","0","72","47","9"
"CondiserEnemyPosition","0","0","15003","147151","142980","70","3","0","0","0","0","74","54","34"
"ConsiderSelfOnly","0","0","15005","162107","141991","-24","4","0","0","0","0","62","19","14","7"
"CondiserEnemyPosition","0","0","15010","149091","145386","50","3","0","0","0","0","81","43","40"
"ConsiderSelfOnly","0","0","15005","206293","170467","-18","4","0","0","0","0","55","24","24","4"
"CondiserEnemyPosition","0","0","15003","148127","143899","64","3","0","0","0","0","74","55","34"
"ConsiderSelfOnly","0","0","15011","25314","23085","-18","3","0","0","0","0","61","34","10"
"CondiserEnemyPosition","0","0","15009","126302","123012","76","3","0","0","0","0","72","43","38"
"ConsiderSelfOnly","0","0","15003","82939","73554","-32","4","0","0","0","0","55","10","14","8"
"CondiserEnemyPosition","0","0","15007","123685","120618","52","3","0","0","0","0","67","43","40"
"ConsiderSelfOnly","0","0","15002","90492","79380","-44","4","0","0","0","0","58","12","12","7"
"CondiserEnemyPosition","0","0","15009","101694","98653","60","3","0","0","0","0","72","40","33"
"ConsiderSelfOnly","0","0","15002","50295","43302","-14","4","0","0","0","0","57","6","12","6"
"CondiserEnemyPosition","0","0","15003","157844","154016","80","3","0","0","0","0","78","47","41"
"ConsiderSelfOnly","0","0","15008","79741","69880","-22","4","0","0","0","0","53","13","11","7"
"CondiserEnemyPosition","0","0","15014","116903","113628","82","3","0","0","0","0","75","41","35"
"ConsiderSelfOnly","0","0","15008","194138","170182","-24","4","0","0","0","0","46","36","12","7"
"CondiserEnemyPosition","0","0","15003","149914","146442","100","3","0","0","0","0","79","41","43"
"ConsiderSelfOnly","0","0","15011","55312","49546","-42","4","0","0","0","0","46","12","8","9"
"CondiserEnemyPosition","0","0","15015","136995","133615","106","3","0","0","0","0","75","43","40"
"ConsiderSelfOnly","0","0","15007","103724","94625","-48","4","0","0","0","0","47","20","7","12"
"CondiserEnemyPosition","0","0","15014","113241","110342","88","3","0","0","0","0","79","34","39"
"ConsiderSelfOnly","0","0","15001","123241","101718","-30","4","0","0","0","0","42","22","20","4"
"CondiserEnemyPosition","0","0","15015","147935","144466","92","3","0","0","0","0","74","44","42"
"ConsiderSelfOnly","0","0","15003","66159","59158","-48","4","0","0","0","0","51","10","11","9"
"CondiserEnemyPosition","0","0","15010","134578","131588","62","3","0","0","0","0","74","38","45"
"ConsiderSelfOnly","0","0","15015","40435","32874","-48","4","0","0","0","0","51","6","20","4"
"CondiserEnemyPosition","0","0","15013","107316","104460","44","3","0","0","0","0","69","39","37"
"ConsiderSelfOnly","0","0","15015","42776","37398","-42","4","0","0","0","0","52","7","12","7"
"CondiserEnemyPosition","0","0","15013","155792","152288","82","3","0","0","0","0","76","44","44"
"ConsiderSelfOnly","0","0","15011","231685","202360","-36","4","0","0","0","0","51","34","15","7"
"CondiserEnemyPosition","0","0","15004","145934","142799","104","3","0","0","0","0","77","38","47"
"ConsiderSelfOnly","0","0","15010","113415","102476","-38","4","0","0","0","0","47","16","10","10"
"CondiserEnemyPosition","0","0","15013","155139","151090","76","3","0","0","0","0","85","45","38"
"ConsiderSelfOnly","0","0","15003","31231","26715","-94","4","0","0","0","0","58","3","18","5"
"CondiserEnemyPosition","0","0","15011","143364","139744","78","3","0","0","0","0","78","44","39"
"ConsiderSelfOnly","0","0","15001","109145","87675","-38","4","0","0","0","0","48","17","23","4"
"CondiserEnemyPosition","0","0","15008","160090","155794","86","3","0","0","0","0","77","53","36"
"ConsiderSelfOnly","0","0","15003","46769","40420","-28","4","0","0","0","0","59","6","13","6"
"CondiserEnemyPosition","0","0","15011","170632","166978","96","3","0","0","0","0","77","45","47"
"ConsiderSelfOnly","0","0","15009","26166","22567","-38","4","0","0","0","0","47","4","15","6"
"CondiserEnemyPosition","0","0","15006","127521","124532","98","3","0","0","0","0","71","40","43"
"ConsiderSelfOnly","0","0","15007","22325","18759","-44","4","0","0","0","0","46","3","16","5"
"CondiserEnemyPosition","0","0","15009","118928","116311","98","3","0","0","0","0","65","38","46"
"ConsiderSelfOnly","0","0","15014","29934","26155","-38","4","0","0","0","0","48","5","12","7"
"CondiserEnemyPosition","0","0","15003","128782","125841","104","3","0","0","0","0","72","38","44"
"ConsiderSelfOnly","0","0","15014","27998","23397","-44","4","0","0","0","0","52","4","16","5"
"CondiserEnemyPosition","0","0","15008","169962","166165","96","3","0","0","0","0","76","47","44"
"ConsiderSelfOnly","0","0","15015","33302","28786","-38","4","0","0","0","0","54","5","14","6"
"CondiserEnemyPosition","0","0","15016","146326","142817","96","3","0","0","0","0","73","46","41"
"ConsiderSelfOnly","0","0","15001","25291","21004","-44","4","0","0","0","0","52","4","17","4"
"CondiserEnemyPosition","0","0","15015","151611","148009","102","3","0","0","0","0","71","48","42"
"ConsiderSelfOnly","0","0","15006","29846","25234","-38","4","0","0","0","0","51","5","14","5"
"CondiserEnemyPosition","0","0","15004","111398","108818","80","3","0","0","0","0","69","35","43"
"ConsiderSelfOnly","0","0","15005","44401","37214","-64","4","0","0","0","0","63","5","17","4"
"CondiserEnemyPosition","0","0","15005","179324","165005","50","4","0","0","0","0","70","5","26","6"
"ConsiderSelfOnly","0","0","15011","27637","22992","-34","4","0","0","0","0","55","3","19","4"
"CondiserEnemyPosition","0","0","15005","140911","137389","86","3","0","0","0","0","75","44","39"
"ConsiderSelfOnly","0","0","15001","47696","40092","-30","4","0","0","0","0","53","5","20","5"
"CondiserEnemyPosition","0","0","15009","118821","115667","90","3","0","0","0","0","72","41","38"
"ConsiderSelfOnly","0","0","15016","86919","72397","-32","4","0","0","0","0","46","12","22","5"
"CondiserEnemyPosition","0","0","15000","133147","129674","110","3","0","0","0","0","77","43","38"
"ConsiderSelfOnly","0","0","15005","37416","31771","-44","4","0","0","0","0","47","5","19","5"
"CondiserEnemyPosition","0","0","15011","135461","131945","94","3","0","0","0","0","73","46","38"
"ConsiderSelfOnly","0","0","15003","94798","73955","-36","4","0","0","0","0","55","11","32","3"
"CondiserEnemyPosition","0","0","15015","140129","136315","88","3","0","0","0","0","72","50","36"
"ConsiderSelfOnly","0","0","15002","119097","92537","-36","4","0","0","0","0","55","13","34","3"
"CondiserEnemyPosition","0","0","15010","138622","134826","100","3","0","0","0","0","70","52","36"
"ConsiderSelfOnly","0","0","15006","105498","79626","-36","4","0","0","0","0","56","10","41","3"
"CondiserEnemyPosition","0","0","15012","120587","117378","88","3","0","0","0","0","67","45","37"
"ConsiderSelfOnly","0","0","15003","131475","103781","-22","4","0","0","0","0","53","16","29","3"
"CondiserEnemyPosition","0","0","15013","113786","110738","96","3","0","0","0","0","70","41","37"
"ConsiderSelfOnly","0","0","15001","97424","79026","-32","4","0","0","0","0","46","13","26","4"
"CondiserEnemyPosition","0","0","15001","113528","110399","110","3","0","0","0","0","70","42","36"
"ConsiderSelfOnly","0","0","15004","136167","109959","-44","4","0","0","0","0","47","19","27","4"
"CondiserEnemyPosition","0","0","15015","153112","149297","152","3","0","0","0","0","71","51","39"
"ConsiderSelfOnly","0","0","15010","42146","33614","-88","4","0","0","0","0","53","4","30","3"
"CondiserEnemyPosition","0","0","15003","107086","104230","92","3","0","0","0","0","71","38","37"
"ConsiderSelfOnly","0","0","15003","234676","219873","-54","5","0","0","0","0","42","2","18","4","21"
"CondiserEnemyPosition","0","0","15009","104186","101638","66","3","0","0","0","0","74","32","42"
"ConsiderSelfOnly","0","0","15015","34115","26959","-44","4","0","0","0","0","52","4","29","3"
"CondiserEnemyPosition","0","0","15013","121620","118427","64","3","0","0","0","0","77","39","38"
"ConsiderSelfOnly","0","0","15009","84755","68698","-32","4","0","0","0","0","51","12","23","4"
"CondiserEnemyPosition","0","0","15009","136396","132965","96","3","0","0","0","0","72","45","40"
"ConsiderSelfOnly","0","0","15013","24459","20072","-44","4","0","0","0","0","52","3","20","4"
"CondiserEnemyPosition","0","0","15005","135040","131502","90","3","0","0","0","0","76","44","38"
"ConsiderSelfOnly","0","0","15007","41989","35346","-32","4","0","0","0","0","51","6","16","5"
"CondiserEnemyPosition","0","0","15009","164228","160533","102","3","0","0","0","0","77","45","44"
"ConsiderSelfOnly","0","0","15015","44038","38234","-38","4","0","0","0","0","54","7","12","6"
"CondiserEnemyPosition","0","0","15005","145117","141673","96","3","0","0","0","0","78","42","42"
"ConsiderSelfOnly","0","0","15011","30305","25294","-44","4","0","0","0","0","53","4","17","4"
"CondiserEnemyPosition","0","0","15009","121447","118586","58","3","0","0","0","0","79","34","43"
"ConsiderSelfOnly","0","0","15000","99633","78140","-38","4","0","0","0","0","56","10","33","3"
"CondiserEnemyPosition","0","0","15015","167065","163126","76","3","0","0","0","0","84","44","42"
"ConsiderSelfOnly","0","0","15003","78774","64464","-74","4","0","0","0","0","57","9","24","4"
"CondiserEnemyPosition","0","0","15001","235195","211912","50","4","0","0","0","0","74","7","38","5"
"ConsiderSelfOnly","0","0","15005","8941","8156","-34","3","0","0","0","0","55","12","11"
"CondiserEnemyPosition","0","0","15007","134548","130816","68","3","0","0","0","0","69","52","35"
"ConsiderSelfOnly","0","0","15000","11495","10732","-38","3","0","0","0","0","71","8","13"
"CondiserEnemyPosition","0","0","15003","121902","117596","56","3","0","0","0","0","73","56","27"
"ConsiderSelfOnly","0","0","15003","99538","83664","-14","4","0","0","0","0","65","9","20","4"
"CondiserEnemyPosition","0","0","15014","152868","149365","80","3","0","0","0","0","73","45","43"
"ConsiderSelfOnly","0","0","15015","86158","71259","-22","4","0","0","0","0","54","10","23","4"
"CondiserEnemyPosition","0","0","15006","112618","109694","84","3","0","0","0","0","72","38","38"
"ConsiderSelfOnly","0","0","15004","141315","116619","-32","4","0","0","0","0","46","19","24","4"
"CondiserEnemyPosition","0","0","15013","128395","125093","102","3","0","0","0","0","75","42","39"
"ConsiderSelfOnly","0","0","15007","47566","40628","-44","4","0","0","0","0","48","5","22","5"
"CondiserEnemyPosition","0","0","15013","129355","125987","88","3","0","0","0","0","72","44","38"
"ConsiderSelfOnly","0","0","15013","114691","88958","-36","4","0","0","0","0","53","13","35","3"
"CondiserEnemyPosition","0","0","15001","146016","142196","94","3","0","0","0","0","75","48","38"
"ConsiderSelfOnly","0","0","15013","117334","93246","-36","4","0","0","0","0","55","13","31","3"
"CondiserEnemyPosition","0","0","15013","138799","134579","96","3","0","0","0","0","73","55","32"
"ConsiderSelfOnly","0","0","15007","34712","29233","-64","4","0","0","0","0","62","4","18","5"
"CondiserEnemyPosition","0","0","15006","98193","94922","50","3","0","0","0","0","67","46","29"
"ConsiderSelfOnly","0","0","15004","91888","76203","-28","4","0","0","0","0","67","9","23","4"
"CondiserEnemyPosition","0","0","15010","130957","127309","56","3","0","0","0","0","75","46","35"
"ConsiderSelfOnly","0","0","15014","141437","114842","-14","4","0","0","0","0","67","15","23","4"
"CondiserEnemyPosition","0","0","15003","141780","137502","110","3","0","0","0","0","71","58","32"
"ConsiderSelfOnly","0","0","15011","7745","7093","-52","3","0","0","0","0","59","9","12"
"CondiserEnemyPosition","0","0","15011","118810","115496","54","3","0","0","0","0","69","46","35"
"ConsiderSelfOnly","0","0","15014","116098","93084","-14","4","0","0","0","0","68","12","25","3"
"CondiserEnemyPosition","0","0","15008","164675","160687","94","3","0","0","0","0","77","49","41"
"ConsiderSelfOnly","0","0","15011","43720","38667","-36","4","0","0","0","0","52","5","14","8"
"CondiserEnemyPosition","0","0","15003","145209","142160","98","3","0","0","0","0","73","39","48"
"ConsiderSelfOnly","0","0","15011","35895","30704","-38","4","0","0","0","0","53","5","15","5"
"CondiserEnemyPosition","0","0","15005","156871","153202","102","3","0","0","0","0","77","45","42"
"ConsiderSelfOnly","0","0","15013","386214","362907","-44","5","0","0","0","0","45","2","24","5","21"
"CondiserEnemyPosition","0","0","15013","115223","112413","92","3","0","0","0","0","73","36","41"
"ConsiderSelfOnly","0","0","15007","65486","53810","-32","4","0","0","0","0","45","8","27","4"
"CondiserEnemyPosition","0","0","15001","129807","126667","90","3","0","0","0","0","74","40","41"
"ConsiderSelfOnly","0","0","15012","59758","50917","-30","4","0","0","0","0","48","9","17","5"
"CondiserEnemyPosition","0","0","15002","111482","108595","100","3","0","0","0","0","75","36","38"
"ConsiderSelfOnly","0","0","15005","94747","76502","-32","4","0","0","0","0","45","12","29","4"
"CondiserEnemyPosition","0","0","15005","135331","132023","78","3","0","0","0","0","73","43","41"
"ConsiderSelfOnly","0","0","15003","38177","31409","-30","4","0","0","0","0","51","4","24","4"
"CondiserEnemyPosition","0","0","15007","111709","108958","80","3","0","0","0","0","73","35","41"
"ConsiderSelfOnly","0","0","15001","43549","36974","-32","4","0","0","0","0","51","6","16","5"
"CondiserEnemyPosition","0","0","15013","142252","138875","76","3","0","0","0","0","77","41","42"
"ConsiderSelfOnly","0","0","15015","68538","57660","-30","4","0","0","0","0","54","9","18","5"
"CondiserEnemyPosition","0","0","15015","142730","139113","98","3","0","0","0","0","79","43","39"
"ConsiderSelfOnly","0","0","15001","41667","35252","-32","4","0","0","0","0","49","6","16","5"
"CondiserEnemyPosition","0","0","15009","168938","164776","88","3","0","0","0","0","76","52","40"
"ConsiderSelfOnly","0","0","15009","35935","28730","-30","4","0","0","0","0","50","4","31","3"
"CondiserEnemyPosition","0","0","15009","158341","153925","72","3","0","0","0","0","73","58","35"
"ConsiderSelfOnly","0","0","15005","92088","79042","-14","4","0","0","0","0","63","9","17","5"
"CondiserEnemyPosition","0","0","15016","147644","144200","88","3","0","0","0","0","76","43","42"
"ConsiderSelfOnly","0","0","15015","159212","124799","-22","4","0","0","0","0","53","22","27","3"
"CondiserEnemyPosition","0","0","15015","140416","137033","80","3","0","0","0","0","73","44","41"
"ConsiderSelfOnly","0","0","15003","67615","55698","-22","4","0","0","0","0","53","9","20","4"
"CondiserEnemyPosition","0","0","15003","164607","160465","88","3","0","0","0","0","73","54","39"
"ConsiderSelfOnly","0","0","15005","39828","33012","-36","4","0","0","0","0","58","5","20","4"
"CondiserEnemyPosition","0","0","15009","154425","150812","102","3","0","0","0","0","72","48","42"
"ConsiderSelfOnly","0","0","15009","33443","28879","-38","4","0","0","0","0","51","5","12","6"
"CondiserEnemyPosition","0","0","15016","107831","105249","80","3","0","0","0","0","69","35","42"
"ConsiderSelfOnly","0","0","15007","48938","40778","-64","4","0","0","0","0","63","5","19","4"
"CondiserEnemyPosition","0","0","15015","180180","166165","50","4","0","0","0","0","70","5","26","7"
"ConsiderSelfOnly","0","0","15005","28150","23431","-34","4","0","0","0","0","55","3","19","4"
"CondiserEnemyPosition","0","0","15001","139775","136261","86","3","0","0","0","0","75","44","39"
"ConsiderSelfOnly","0","0","15015","64813","55429","-30","4","0","0","0","0","53","9","16","6"
"CondiserEnemyPosition","0","0","15015","124428","121145","90","3","0","0","0","0","73","42","38"
"ConsiderSelfOnly","0","0","15013","70706","60269","-32","4","0","0","0","0","48","10","17","5"
"CondiserEnemyPosition","0","0","15007","130331","127125","68","3","0","0","0","0","71","43","40"
"ConsiderSelfOnly","0","0","15013","63665","55547","-22","4","0","0","0","0","52","8","15","7"
"CondiserEnemyPosition","0","0","15005","137416","133895","94","3","0","0","0","0","73","46","39"
"ConsiderSelfOnly","0","0","15005","61368","52086","-36","4","0","0","0","0","55","7","17","5"
"CondiserEnemyPosition","0","0","15007","140065","136348","82","3","0","0","0","0","73","48","37"
"ConsiderSelfOnly","0","0","15001","122448","96259","-36","4","0","0","0","0","55","14","30","3"
"CondiserEnemyPosition","0","0","15011","134668","130817","108","3","0","0","0","0","76","48","34"
"ConsiderSelfOnly","0","0","15009","25958","21957","-70","4","0","0","0","0","49","4","17","5"
"CondiserEnemyPosition","0","0","15003","159107","154670","58","3","0","0","0","0","73","58","35"
"ConsiderSelfOnly","0","0","15015","52671","44331","-42","4","0","0","0","0","65","6","17","5"
"CondiserEnemyPosition","0","0","15014","127891","123941","112","3","0","0","0","0","70","54","31"
"ConsiderSelfOnly","0","0","15009","115997","101490","-52","4","0","0","0","0","62","17","11","7"
"CondiserEnemyPosition","0","0","15003","122150","118510","60","3","0","0","0","0","70","50","33"
"ConsiderSelfOnly","0","0","15011","170125","142787","-14","4","0","0","0","0","68","20","17","5"
"CondiserEnemyPosition","0","0","15005","129294","125482","86","3","0","0","0","0","70","52","33"
"ConsiderSelfOnly","0","0","15003","151946","121494","-28","4","0","0","0","0","57","17","29","3"
"CondiserEnemyPosition","0","0","15002","248847","224070","68","4","0","0","0","0","71","6","47","5"
"ConsiderSelfOnly","0","0","15005","57033","47921","-22","4","0","0","0","0","48","9","16","5"
"CondiserEnemyPosition","0","0","15015","137504","133749","94","3","0","0","0","0","72","50","36"
"ConsiderSelfOnly","0","0","15011","98731","78626","-36","4","0","0","0","0","56","12","27","3"
"CondiserEnemyPosition","0","0","15001","118496","114869","70","3","0","0","0","0","72","48","32"
"ConsiderSelfOnly","0","0","15015","23249","18570","-42","4","0","0","0","0","56","3","21","3"
"CondiserEnemyPosition","0","0","15008","95395","92061","72","3","0","0","0","0","70","45","28"
"ConsiderSelfOnly","0","0","15010","55586","48536","-14","4","0","0","0","0","59","6","13","7"
"CondiserEnemyPosition","0","0","15015","127531","124251","68","3","0","0","0","0","72","43","39"
"ConsiderSelfOnly","0","0","15006","47096","39412","-22","4","0","0","0","0","52","7","18","5"
"CondiserEnemyPosition","0","0","15005","109755","106667","82","3","0","0","0","0","71","41","35"
"ConsiderSelfOnly","0","0","15016","351249","327228","-24","5","0","0","0","0","47","3","16","5","18"
"CondiserEnemyPosition","0","0","15009","119176","116003","68","3","0","0","0","0","72","42","37"
"ConsiderSelfOnly","0","0","15014","39147","34024","-22","4","0","0","0","0","50","6","14","6"
"CondiserEnemyPosition","0","0","15004","141913","138386","88","3","0","0","0","0","74","45","40"
"ConsiderSelfOnly","0","0","15013","360969","343171","-58","5","0","0","0","0","48","3","18","4","28"
"CondiserEnemyPosition","0","0","15011","113506","110513","44","3","0","0","0","0","78","36","38"
"ConsiderSelfOnly","0","0","15013","117583","88970","-36","4","0","0","0","0","59","11","39","3"
"CondiserEnemyPosition","0","0","15007","141785","137818","86","3","0","0","0","0","73","52","35"
"ConsiderSelfOnly","0","0","15007","50623","43586","-28","4","0","0","0","0","56","6","17","6"
"CondiserEnemyPosition","0","0","15013","98854","95622","64","3","0","0","0","0","73","42","30"
"ConsiderSelfOnly","0","0","15009","112449","98797","-48","4","0","0","0","0","59","16","12","7"
"CondiserEnemyPosition","0","0","15015","137551","133232","82","3","0","0","0","0","74","56","31"
"ConsiderSelfOnly","0","0","15009","105396","93849","-52","4","0","0","0","0","59","14","11","9"
"CondiserEnemyPosition","0","0","15005","143173","139113","122","3","0","0","0","0","72","54","34"
"ConsiderSelfOnly","0","0","15003","43053","37973","-92","4","0","0","0","0","55","7","10","8"
"CondiserEnemyPosition","0","0","15013","133345","129286","74","3","0","0","0","0","74","52","32"
"ConsiderSelfOnly","0","0","15009","7598","6875","-52","3","0","0","0","0","58","10","10"
"CondiserEnemyPosition","0","0","15011","146289","141894","80","3","0","0","0","0","75","56","32"
"ConsiderSelfOnly","0","0","15010","62004","54065","-42","4","0","0","0","0","61","6","16","6"
"CondiserEnemyPosition","0","0","15005","162731","158565","64","3","0","0","0","0","72","55","38"
"ConsiderSelfOnly","0","0","15011","56140","46741","-42","4","0","0","0","0","62","6","20","4"
"CondiserEnemyPosition","0","0","15011","148086","143969","54","3","0","0","0","0","77","51","35"
"ConsiderSelfOnly","0","0","15002","75502","63269","-50","4","0","0","0","0","62","9","19","5"
"CondiserEnemyPosition","0","0","15015","129793","126555","18","3","0","0","0","0","75","41","40"
"ConsiderSelfOnly","0","0","15009","241876","208230","-28","4","0","0","0","0","66","23","19","6"
"CondiserEnemyPosition","0","0","15011","73905","71541","20","3","0","0","0","0","62","36","30"
"ConsiderSelfOnly","0","0","15003","41675","38380","-30","3","0","0","0","0","74","42","11"
"CondiserEnemyPosition","0","0","15011","74035","70955","26","3","0","0","0","0","56","53","23"
"ConsiderSelfOnly","0","0","15003","201891","176278","-32","4","0","0","0","0","67","17","19","6"
"CondiserEnemyPosition","0","0","15013","104366","100726","12","3","0","0","0","0","56","63","27"
"ConsiderSelfOnly","0","0","15003","117071","91747","-54","4","0","0","0","0","71","10","33","3"
"CondiserEnemyPosition","0","0","15005","166437","154307","-4","4","0","0","0","0","51","8","25","11"
"ConsiderSelfOnly","0","0","15011","14245","13162","-54","3","0","0","0","0","66","14","12"
"CondiserEnemyPosition","0","0","15009","65312","62977","26","3","0","0","0","0","60","36","27"
"ConsiderSelfOnly","0","0","15013","20805","19273","-62","3","0","0","0","0","66","21","11"
"CondiserEnemyPosition","0","0","15012","16511","15953","50","3","0","0","0","0","59","7","31"
"ConsiderSelfOnly","0","0","15003","39081","35635","-84","3","0","0","0","0","61","54","9"
"CondiserEnemyPosition","0","0","15015","95828","85294","84","4","0","0","0","0","54","6","27","6"
"ConsiderSelfOnly","0","1","15012","211463","184256","-242","4","0","0","0","0","70","19","16","6"
"CondiserEnemyPosition","1","1","15010","42468","36549","-372","4","0","0","0","0","55","5","16","5"
"ConsiderSelfOnly","1","1","15002","235291","209630","-256","4","0","0","0","0","65","17","18","7"
"CondiserEnemyPosition","2","1","15002","165838","148646","154","4","0","0","0","0","62","15","14","6"
"ConsiderSelfOnly","2","1","15015","23793","17520","-946","4","0","0","0","0","68","2","38","2"
"CondiserEnemyPosition","2","1","15010","81467","78340","802","3","0","0","0","0","67","44","25"
"ConsiderSelfOnly","2","1","15003","536004","507843","-902","5","0","0","0","0","73","2","38","2","34"
"CondiserEnemyPosition","2","1","15003","102588","99186","822","3","0","0","0","0","62","52","29"
"ConsiderSelfOnly","2","1","15008","72690","63414","-870","4","0","0","0","0","68","7","15","5"
"CondiserEnemyPosition","2","1","15007","125198","121754","876","3","0","0","0","0","71","46","36"
"ConsiderSelfOnly","2","1","15016","404355","373444","-884","5","0","0","0","0","56","3","23","4","16"
"CondiserEnemyPosition","2","1","15002","103686","100592","892","3","0","0","0","0","72","40","33"
"ConsiderSelfOnly","2","1","15014","32890","28106","-878","4","0","0","0","0","51","4","13","6"
"CondiserEnemyPosition","2","1","15009","124297","120895","878","3","0","0","0","0","69","47","36"
"ConsiderSelfOnly","2","1","15013","463999","432850","-884","5","0","0","0","0","56","3","29","3","20"
"CondiserEnemyPosition","2","1","15003","85096","82422","904","3","0","0","0","0","62","41","31"
"ConsiderSelfOnly","2","1","15004","32986","28238","-878","4","0","0","0","0","50","5","14","6"
"CondiserEnemyPosition","2","1","15012","141690","137932","910","3","0","0","0","0","69","52","37"
"ConsiderSelfOnly","2","1","15013","44569","39406","-898","4","0","0","0","0","54","7","10","8"
"CondiserEnemyPosition","2","1","15014","131192","128192","862","3","0","0","0","0","73","39","44"
"ConsiderSelfOnly","2","1","15006","72041","62925","-892","4","0","0","0","0","56","8","17","7"
"CondiserEnemyPosition","2","1","15001","155982","152689","922","3","0","0","0","0","77","40","48"
"ConsiderSelfOnly","2","1","15013","54049","48397","-908","4","0","0","0","0","46","9","10","9"
"CondiserEnemyPosition","2","1","15014","82294","80233","900","3","0","0","0","0","78","24","41"
"ConsiderSelfOnly","2","1","15005","46316","41939","-904","4","0","0","0","0","49","5","13","10"
"CondiserEnemyPosition","2","1","15007","152508","148722","922","3","0","0","0","0","79","45","40"
"ConsiderSelfOnly","2","1","15014","42051","36975","-908","4","0","0","0","0","48","5","15","7"
"CondiserEnemyPosition","2","1","15005","107078","104364","884","3","0","0","0","0","76","33","40"
"ConsiderSelfOnly","2","1","15016","452742","424575","-894","5","0","0","0","0","50","3","19","5","20"
"CondiserEnemyPosition","2","1","15001","147405","143621","898","3","0","0","0","0","72","50","38"
"ConsiderSelfOnly","2","1","15013","39714","33924","-884","4","0","0","0","0","55","5","16","5"
"CondiserEnemyPosition","2","1","15002","108166","104992","904","3","0","0","0","0","71","42","33"
"ConsiderSelfOnly","2","1","15013","90544","71260","-878","4","0","0","0","0","50","12","29","3"
"CondiserEnemyPosition","2","1","15010","131881","128229","904","3","0","0","0","0","67","52","35"
"ConsiderSelfOnly","2","1","15011","43622","37112","-884","4","0","0","0","0","56","5","17","5"
"CondiserEnemyPosition","2","1","15013","94721","91875","886","3","0","0","0","0","66","41","33"
"ConsiderSelfOnly","2","1","15005","38003","32676","-878","4","0","0","0","0","52","6","12","6"
"CondiserEnemyPosition","2","1","15011","122038","118688","884","3","0","0","0","0","67","48","36"
"ConsiderSelfOnly","2","1","15011","50403","43287","-884","4","0","0","0","0","58","6","15","6"
"CondiserEnemyPosition","2","1","15001","99691","96665","890","3","0","0","0","0","72","40","32"
"ConsiderSelfOnly","2","1","15001","38130","33114","-878","4","0","0","0","0","51","6","11","7"
"CondiserEnemyPosition","2","1","15013","151585","147648","916","3","0","0","0","0","73","51","38"
"ConsiderSelfOnly","2","1","15013","60342","53782","-898","4","0","0","0","0","55","9","10","8"
"CondiserEnemyPosition","2","1","15013","175809","171838","862","3","0","0","0","0","79","48","44"
"ConsiderSelfOnly","2","1","15013","54091","46647","-892","4","0","0","0","0","61","6","16","6"
"CondiserEnemyPosition","2","1","15015","161002","156567","882","3","0","0","0","0","76","56","35"
"ConsiderSelfOnly","2","1","15007","44929","36677","-906","4","0","0","0","0","69","3","28","3"
"CondiserEnemyPosition","2","1","15010","133851","130054","834","3","0","0","0","0","77","47","34"
"ConsiderSelfOnly","2","1","15005","40736","33926","-872","4","0","0","0","0","71","3","28","4"
"CondiserEnemyPosition","2","1","15002","144603","140607","840","3","0","0","0","0","74","52","35"
"ConsiderSelfOnly","2","1","15015","107672","90851","-878","4","0","0","0","0","62","11","21","5"
"CondiserEnemyPosition","2","1","15015","257461","231345","816","4","0","0","0","0","62","14","23","6"
"ConsiderSelfOnly","2","1","15008","52470","44055","-904","4","0","0","0","0","66","6","16","4"
"CondiserEnemyPosition","2","1","15015","122407","118922","828","3","0","0","0","0","70","47","34"
"ConsiderSelfOnly","2","1","15009","48431","37742","-910","4","0","0","0","0","73","5","26","3"
"CondiserEnemyPosition","2","1","15013","95995","92236","834","3","0","0","0","0","67","54","24"
"ConsiderSelfOnly","2","1","15002","109792","89662","-886","4","0","0","0","0","68","12","21","4"
"CondiserEnemyPosition","2","1","15002","108315","104602","842","3","0","0","0","0","60","59","28"
"ConsiderSelfOnly","2","1","15006","51937","41795","-894","4","0","0","0","0","63","5","24","3"
"CondiserEnemyPosition","2","1","15009","89358","86374","822","3","0","0","0","0","59","48","29"
"ConsiderSelfOnly","2","1","15015","50558","40665","-908","4","0","0","0","0","69","4","27","3"
"CondiserEnemyPosition","2","1","15011","197575","173440","798","4","0","0","0","0","67","13","22","5"
"ConsiderSelfOnly","2","1","15001","77483","65374","-904","4","0","0","0","0","62","8","19","5"
"CondiserEnemyPosition","2","1","15013","113125","109819","836","3","0","0","0","0","74","42","34"
"ConsiderSelfOnly","2","1","15009","157017","134994","-878","4","0","0","0","0","67","15","18","6"
"CondiserEnemyPosition","2","1","15002","108000","97097","826","4","0","0","0","0","79","3","32","5"
"ConsiderSelfOnly","2","1","15008","156733","138363","-882","4","0","0","0","0","62","19","12","8"
"CondiserEnemyPosition","2","1","15010","108460","105005","850","3","0","0","0","0","77","42","30"
"ConsiderSelfOnly","2","1","15011","132685","118870","-898","4","0","0","0","0","62","14","12","9"
"CondiserEnemyPosition","2","1","15005","105875","102508","898","3","0","0","0","0","68","47","30"
"ConsiderSelfOnly","2","1","15013","141949","127381","-914","4","0","0","0","0","63","20","9","9"
"CondiserEnemyPosition","2","1","15005","194347","178389","864","4","0","0","0","0","73","6","27","6"
"ConsiderSelfOnly","2","1","15011","236054","201802","-898","4","0","0","0","0","61","24","21","5"
"CondiserEnemyPosition","2","1","15010","101189","97641","896","3","0","0","0","0","66","51","28"
"ConsiderSelfOnly","2","1","15005","103521","90867","-918","4","0","0","0","0","63","11","13","7"
"CondiserEnemyPosition","2","1","15005","274716","243767","890","4","0","0","0","0","71","9","38","5"
"ConsiderSelfOnly","2","1","15003","428717","399528","-934","4","0","0","0","0","58","66","6","16"
"CondiserEnemyPosition","2","1","15009","29894","28896","862","3","0","0","0","0","77","10","32"
"ConsiderSelfOnly","2","1","15011","112694","100703","-934","4","0","0","0","0","61","9","12","9"
"CondiserEnemyPosition","2","1","15000","109235","104554","852","3","0","0","0","0","74","61","22"
"ConsiderSelfOnly","2","1","15012","37698","31623","-958","4","0","0","0","0","61","4","21","4"
"CondiserEnemyPosition","2","1","15001","165128","160768","806","3","0","0","0","0","69","61","37"
"ConsiderSelfOnly","2","1","15013","492038","467588","-886","5","0","0","0","0","62","2","25","3","29"
"CondiserEnemyPosition","2","1","15011","152130","148430","802","3","0","0","0","0","72","49","40"
"ConsiderSelfOnly","2","1","15009","105195","81727","-862","4","0","0","0","0","69","8","37","3"
"CondiserEnemyPosition","2","1","15011","201232","196486","824","3","0","0","0","0","77","59","41"
"ConsiderSelfOnly","2","2","15006","39522","32517","-890","4","0","0","0","0","73","3","24","3"
"CondiserEnemyPosition","3","2","15015","108826","104459","96","3","0","0","0","0","79","53","24"
"ConsiderSelfOnly","3","3","15014","559376","534959","-962","5","0","0","0","0","75","2","36","2","41"
"CondiserEnemyPosition","3","3","15015","221615","215609","128","3","0","0","0","0","75","78","35"
"ConsiderSelfOnly","3","3","15007","31388","23024","-208","4","0","0","0","0","83","2","42","2"
"CondiserEnemyPosition","3","3","15007","196372","190626","64","3","0","0","0","0","74","75","33"
"ConsiderSelfOnly","3","3","15007","67586","56466","-162","4","0","0","0","0","80","6","19","4"
"CondiserEnemyPosition","3","3","15010","128656","124015","4","3","0","0","0","0","80","56","27"
"ConsiderSelfOnly","3","3","15001","55218","41789","-138","4","0","0","0","0","82","3","41","2"
"CondiserEnemyPosition","3","3","15009","341462","311919","34","4","0","0","0","0","68","8","41","7"
"ConsiderSelfOnly","3","3","15008","77400","65025","-110","4","0","0","0","0","69","6","20","4"
"CondiserEnemyPosition","3","3","15002","111116","107715","72","3","0","0","0","0","63","51","32"
"ConsiderSelfOnly","3","3","15001","553129","526654","-132","5","0","0","0","0","55","4","17","4","28"
"CondiserEnemyPosition","3","3","15011","93993","90946","64","3","0","0","0","0","61","47","30"
"ConsiderSelfOnly","3","3","15011","375042","357198","-132","5","0","0","0","0","51","2","28","2","34"
"CondiserEnemyPosition","3","3","15009","266511","238495","20","4","0","0","0","0","57","14","29","6"
"ConsiderSelfOnly","3","3","15014","30529","23799","-110","4","0","0","0","0","69","3","27","2"
"CondiserEnemyPosition","3","3","15006","133874","129752","54","3","0","0","0","0","64","62","31"
"ConsiderSelfOnly","3","3","15011","25089","19393","-116","4","0","0","0","0","65","2","35","2"
"CondiserEnemyPosition","3","3","15007","86637","83163","48","3","0","0","0","0","60","55","24"
"ConsiderSelfOnly","3","3","15014","58865","50906","-102","4","0","0","0","0","63","6","15","5"
"CondiserEnemyPosition","3","3","15016","101196","97966","72","3","0","0","0","0","63","49","30"
"ConsiderSelfOnly","3","3","15005","29736","23968","-118","4","0","0","0","0","53","3","25","3"
"CondiserEnemyPosition","3","3","15007","224840","194597","50","4","0","0","0","0","62","9","47","4"
"ConsiderSelfOnly","3","3","15009","61014","51925","-138","4","0","0","0","0","57","10","12","5"
"CondiserEnemyPosition","3","3","15005","95552","92588","44","3","0","0","0","0","63","45","32"
"ConsiderSelfOnly","3","3","15011","341587","321923","-118","5","0","0","0","0","52","2","30","3","25"
"CondiserEnemyPosition","3","3","15015","90974","87305","56","3","0","0","0","0","62","57","23"
"ConsiderSelfOnly","3","3","15001","7608","7248","-102","3","0","0","0","0","64","3","28"
"CondiserEnemyPosition","3","3","15006","189701","158823","34","4","0","0","0","0","63","12","36","4"
"ConsiderSelfOnly","3","3","15012","111385","95464","-126","4","0","0","0","0","57","15","16","6"
"CondiserEnemyPosition","3","3","15002","93457","90465","102","3","0","0","0","0","64","44","30"
"ConsiderSelfOnly","3","3","15003","39467","32805","-148","4","0","0","0","0","50","5","21","4"
"CondiserEnemyPosition","3","3","15010","91870","89217","60","3","0","0","0","0","60","42","34"
"ConsiderSelfOnly","3","3","15002","36631","30692","-148","4","0","0","0","0","55","6","15","5"
"CondiserEnemyPosition","3","3","15013","105008","101702","98","3","0","0","0","0","62","51","30"
"ConsiderSelfOnly","3","3","15003","46107","36791","-154","4","0","0","0","0","61","5","23","3"
"CondiserEnemyPosition","3","3","15011","343797","302243","70","4","0","0","0","0","67","12","45","5"
"ConsiderSelfOnly","3","3","15012","63380","53894","-144","4","0","0","0","0","58","9","14","5"
"CondiserEnemyPosition","3","3","15016","101813","98359","40","3","0","0","0","0","65","51","28"
"ConsiderSelfOnly","3","3","15012","24244","22203","-100","3","0","0","0","0","67","28","11"
"CondiserEnemyPosition","3","3","15004","74705","72111","54","3","0","0","0","0","64","38","28"
"ConsiderSelfOnly","3","3","15015","107494","92455","-126","4","0","0","0","0","59","13","16","6"
"CondiserEnemyPosition","3","3","15003","125853","121898","64","3","0","0","0","0","63","60","30"
"ConsiderSelfOnly","3","3","15013","72239","58129","-110","4","0","0","0","0","69","6","29","3"
"CondiserEnemyPosition","3","3","15006","107369","104105","74","3","0","0","0","0","66","47","32"
"ConsiderSelfOnly","3","3","15003","27121","21922","-132","4","0","0","0","0","53","4","20","3"
"CondiserEnemyPosition","3","3","15013","121158","118005","88","3","0","0","0","0","66","45","38"
"ConsiderSelfOnly","3","3","15007","35251","29643","-134","4","0","0","0","0","51","4","19","5"
"CondiserEnemyPosition","3","3","15014","110513","107135","86","3","0","0","0","0","65","49","32"
"ConsiderSelfOnly","3","3","15015","39198","31410","-132","4","0","0","0","0","56","5","24","3"
"CondiserEnemyPosition","3","3","15009","94237","91385","54","3","0","0","0","0","62","44","32"
"ConsiderSelfOnly","3","3","15003","36949","30825","-118","4","0","0","0","0","52","6","15","4"
"CondiserEnemyPosition","3","3","15016","86905","84309","60","3","0","0","0","0","63","39","33"
"ConsiderSelfOnly","3","3","15011","43446","37234","-118","4","0","0","0","0","51","8","12","6"
"CondiserEnemyPosition","3","3","15009","115602","112126","86","3","0","0","0","0","66","50","32"
"ConsiderSelfOnly","3","3","15014","570422","541536","-132","5","0","0","0","0","55","3","23","3","28"
"CondiserEnemyPosition","3","3","15015","102033","98877","72","3","0","0","0","0","63","48","31"
"ConsiderSelfOnly","3","3","15009","306519","287064","-132","5","0","0","0","0","51","2","28","3","23"
"CondiserEnemyPosition","3","3","15006","128480","124325","34","3","0","0","0","0","63","63","30"
"ConsiderSelfOnly","3","3","15007","21832","16402","-110","4","0","0","0","0","65","2","37","2"
"CondiserEnemyPosition","3","3","15003","96969","93390","24","3","0","0","0","0","62","55","26"
"ConsiderSelfOnly","3","3","15009","58039","49204","-102","4","0","0","0","0","60","7","15","5"
"CondiserEnemyPosition","3","3","15006","321692","281746","42","4","0","0","0","0","59","16","37","5"
"ConsiderSelfOnly","3","3","15011","78535","66533","-144","4","0","0","0","0","71","9","14","5"
"CondiserEnemyPosition","3","3","15010","177156","164233","28","4","0","0","0","0","66","4","30","7"
"ConsiderSelfOnly","3","3","15001","107352","86664","-110","4","0","0","0","0","68","10","23","3"
"CondiserEnemyPosition","3","3","15001","106246","102854","78","3","0","0","0","0","64","51","30"
"ConsiderSelfOnly","3","3","15011","581562","552928","-132","5","0","0","0","0","55","4","17","4","26"
"CondiserEnemyPosition","3","3","15015","101225","97996","58","3","0","0","0","0","64","48","30"
"ConsiderSelfOnly","3","3","15012","18362","14665","-132","4","0","0","0","0","51","3","20","3"
"CondiserEnemyPosition","3","3","15010","253628","225928","14","4","0","0","0","0","61","15","25","6"
"ConsiderSelfOnly","3","3","15007","95267","76094","-110","4","0","0","0","0","66","10","26","3"
"CondiserEnemyPosition","3","3","15012","115068","111539","86","3","0","0","0","0","66","51","32"
"ConsiderSelfOnly","3","3","15010","477347","445281","-132","5","0","0","0","0","50","4","17","5","18"
"CondiserEnemyPosition","3","3","15009","116885","113220","58","3","0","0","0","0","65","54","31"
"ConsiderSelfOnly","3","3","15005","130188","115519","-160","4","0","0","0","0","59","20","10","8"
"CondiserEnemyPosition","3","3","15001","115886","112314","72","3","0","0","0","0","65","52","31"
"ConsiderSelfOnly","3","3","15011","35050","29467","-172","4","0","0","0","0","52","6","14","5"
"CondiserEnemyPosition","3","3","15015","90310","86974","22","3","0","0","0","0","61","52","26"
"ConsiderSelfOnly","3","3","15005","78846","67734","-92","4","0","0","0","0","59","10","15","5"
"CondiserEnemyPosition","3","3","15011","135669","131780","34","3","0","0","0","0","61","61","34"
"ConsiderSelfOnly","3","3","15004","33562","26595","-134","4","0","0","0","0","64","3","26","3"
"CondiserEnemyPosition","3","3","15015","83509","80565","-10","3","0","0","0","0","59","47","27"
"ConsiderSelfOnly","3","3","15011","95852","79319","-102","4","0","0","0","0","63","11","19","4"
"CondiserEnemyPosition","3","3","15007","87168","84281","22","3","0","0","0","0","69","39","30"
"ConsiderSelfOnly","3","3","15003","492178","464924","-118","5","0","0","0","0","52","4","17","4","23"
"CondiserEnemyPosition","3","3","15007","84859","82117","42","3","0","0","0","0","62","42","30"
"ConsiderSelfOnly","3","3","15015","64756","54668","-138","4","0","0","0","0","58","10","13","5"
"CondiserEnemyPosition","3","3","15007","248619","223786","30","4","0","0","0","0","65","9","34","6"
"ConsiderSelfOnly","3","3","15007","296861","279784","-118","5","0","0","0","0","53","2","27","2","29"
"CondiserEnemyPosition","3","3","15002","216300","193186","36","4","0","0","0","0","61","8","37","5"
"ConsiderSelfOnly","3","3","15013","54915","47239","-102","4","0","0","0","0","64","7","13","6"
"CondiserEnemyPosition","3","3","15003","89049","86111","64","3","0","0","0","0","59","47","29"
"ConsiderSelfOnly","3","3","15003","527320","503284","-132","5","0","0","0","0","51","3","28","3","32"
"CondiserEnemyPosition","3","3","15001","75647","73171","20","3","0","0","0","0","55","43","30"
"ConsiderSelfOnly","3","3","15007","56397","45675","-110","4","0","0","0","0","69","3","32","2"
"CondiserEnemyPosition","3","3","15011","112453","108919","54","3","0","0","0","0","64","53","31"
"ConsiderSelfOnly","3","3","15007","135972","101889","-116","4","0","0","0","0","63","13","38","2"
"CondiserEnemyPosition","3","3","15006","96506","92380","76","3","0","0","0","0","64","62","22"
"ConsiderSelfOnly","3","3","15001","112585","80775","-130","4","0","0","0","0","66","10","43","2"
"CondiserEnemyPosition","3","3","15001","121095","117169","56","3","0","0","0","0","64","59","30"
"ConsiderSelfOnly","3","3","15005","126674","92563","-116","4","0","0","0","0","64","13","37","2"
"CondiserEnemyPosition","3","3","15015","106365","102948","78","3","0","0","0","0","64","51","30"
"ConsiderSelfOnly","3","3","15004","27342","21833","-132","4","0","0","0","0","54","3","22","3"
"CondiserEnemyPosition","3","3","15011","96982","94034","58","3","0","0","0","0","66","42","32"
"ConsiderSelfOnly","3","3","15011","124857","98488","-118","4","0","0","0","0","50","19","24","3"
"CondiserEnemyPosition","3","3","15005","113606","110009","96","3","0","0","0","0","64","54","31"
"ConsiderSelfOnly","3","3","15015","40375","31788","-150","4","0","0","0","0","56","5","28","3"
"CondiserEnemyPosition","3","3","15003","133790","129557","62","3","0","0","0","0","66","62","30"
"ConsiderSelfOnly","3","3","15005","163140","120571","-122","4","0","0","0","0","67","16","36","2"
"CondiserEnemyPosition","3","3","15005","142470","137997","82","3","0","0","0","0","64","67","31"
"ConsiderSelfOnly","3","3","15013","112068","82596","-136","4","0","0","0","0","68","10","40","2"
"CondiserEnemyPosition","3","3","15006","101272","97851","54","3","0","0","0","0","65","50","29"
"ConsiderSelfOnly","3","3","15002","54574","42824","-140","4","0","0","0","0","64","5","30","3"
"CondiserEnemyPosition","3","3","15007","196596","191918","56","3","0","0","0","0","78","57","41"
"ConsiderSelfOnly","3","3","15001","73188","60407","-142","4","0","0","0","0","64","8","21","4"
"CondiserEnemyPosition","3","3","15008","150786","146623","56","3","0","0","0","0","69","58","35"
"ConsiderSelfOnly","3","3","15015","53526","41120","-140","4","0","0","0","0","59","6","31","3"
"CondiserEnemyPosition","3","3","15014","76677","73857","34","3","0","0","0","0","61","44","26"
"ConsiderSelfOnly","3","3","15003","454192","425868","-140","5","0","0","0","0","58","3","25","3","22"
"CondiserEnemyPosition","3","3","15015","67983","65445","50","3","0","0","0","0","53","45","26"
"ConsiderSelfOnly","3","3","15005","79709","65223","-138","4","0","0","0","0","49","12","22","4"
"CondiserEnemyPosition","3","3","15013","309632","264375","36","4","0","0","0","0","53","22","35","5"
"ConsiderSelfOnly","3","3","15009","39915","33626","-150","4","0","0","0","0","55","5","18","4"
"CondiserEnemyPosition","3","3","15008","74267","71513","42","3","0","0","0","0","54","49","26"
"ConsiderSelfOnly","3","3","15005","117528","98642","-144","4","0","0","0","0","62","12","23","5"
"CondiserEnemyPosition","3","3","15012","78937","76530","26","3","0","0","0","0","69","32","32"
"ConsiderSelfOnly","3","3","15003","117188","95598","-156","4","0","0","0","0","65","11","26","4"
"CondiserEnemyPosition","3","3","15002","191524","186051","96","3","0","0","0","0","74","71","33"
"ConsiderSelfOnly","3","3","15004","43218","35305","-190","4","0","0","0","0","74","5","19","4"
"CondiserEnemyPosition","3","3","15003","173676","168781","74","3","0","0","0","0","74","64","34"
"ConsiderSelfOnly","3","3","15015","31157","25216","-168","4","0","0","0","0","67","4","19","3"
"CondiserEnemyPosition","3","3","15015","157183","152567","54","3","0","0","0","0","69","64","33"
"ConsiderSelfOnly","3","3","15008","37980","31525","-148","4","0","0","0","0","69","4","20","4"
"CondiserEnemyPosition","3","3","15007","199198","194036","42","3","0","0","0","0","69","72","37"
"ConsiderSelfOnly","3","4","15005","27440","21180","-136","4","0","0","0","0","71","2","27","2"
"CondiserEnemyPosition","3","4","15006","139085","135028","-696","3","0","0","0","0","66","59","33"
"ConsiderSelfOnly","3","4","15011","37549","29543","622","4","0","0","0","0","66","3","28","2"
"CondiserEnemyPosition","3","4","15013","110359","106921","-700","3","0","0","0","0","62","53","31"
"ConsiderSelfOnly","3","4","15011","56735","48559","632","4","0","0","0","0","61","6","18","5"
"CondiserEnemyPosition","3","4","15011","87950","84830","-712","3","0","0","0","0","54","55","27"
"ConsiderSelfOnly","3","4","15011","302542","284579","624","5","0","0","0","0","61","1","32","2","28"
"CondiserEnemyPosition","3","4","15001","291499","251102","-742","4","0","0","0","0","56","18","35","4"
"ConsiderSelfOnly","3","4","15005","51897","43775","646","4","0","0","0","0","52","8","16","5"
"CondiserEnemyPosition","3","4","15015","74235","71874","-754","3","0","0","0","0","56","40","31"
"ConsiderSelfOnly","3","4","15015","56326","48843","652","4","0","0","0","0","58","8","11","6"
"CondiserEnemyPosition","3","4","15012","104853","101530","-730","3","0","0","0","0","62","51","30"
"ConsiderSelfOnly","3","4","15010","550096","525491","624","5","0","0","0","0","51","3","24","3","31"
"CondiserEnemyPosition","3","4","15012","85672","82910","-772","3","0","0","0","0","55","48","30"
"ConsiderSelfOnly","3","4","15001","207859","157386","664","4","0","0","0","0","61","24","32","3"
"CondiserEnemyPosition","3","4","15013","91847","88163","-768","3","0","0","0","0","64","55","24"
"ConsiderSelfOnly","3","4","15002","386309","363144","652","5","0","0","0","0","57","3","23","3","24"
"CondiserEnemyPosition","3","4","15006","72427","69509","-782","3","0","0","0","0","59","47","23"
"ConsiderSelfOnly","3","4","15009","72964","60563","668","4","0","0","0","0","60","10","17","4"
"CondiserEnemyPosition","3","4","15003","95809","92090","-752","3","0","0","0","0","61","58","24"
"ConsiderSelfOnly","3","4","15011","463562","440343","652","5","0","0","0","0","59","1","38","2","36"
"CondiserEnemyPosition","3","4","15002","96025","92699","-782","3","0","0","0","0","57","56","28"
"ConsiderSelfOnly","3","4","15003","42006","36005","662","4","0","0","0","0","59","5","16","6"
"CondiserEnemyPosition","3","4","15007","72773","69909","-786","3","0","0","0","0","55","50","24"
"ConsiderSelfOnly","3","4","15012","533124","508609","652","5","0","0","0","0","60","2","35","2","36"
"CondiserEnemyPosition","3","4","15006","101458","98096","-806","3","0","0","0","0","59","54","29"
"ConsiderSelfOnly","3","4","15014","68039","54924","690","4","0","0","0","0","68","6","25","3"
"CondiserEnemyPosition","3","4","15006","106474","103164","-746","3","0","0","0","0","62","51","31"
"ConsiderSelfOnly","3","4","15005","20720","16431","668","4","0","0","0","0","55","3","22","3"
"CondiserEnemyPosition","3","4","15005","89474","86438","-774","3","0","0","0","0","58","50","28"
"ConsiderSelfOnly","3","4","15015","384530","363159","682","5","0","0","0","0","54","2","32","2","29"
"CondiserEnemyPosition","3","4","15012","84138","80696","-784","3","0","0","0","0","58","57","23"
"ConsiderSelfOnly","3","4","15009","74415","60330","698","4","0","0","0","0","64","9","22","3"
"CondiserEnemyPosition","3","4","15003","79934","77277","-774","3","0","0","0","0","57","44","29"
"ConsiderSelfOnly","3","4","15015","44544","36442","682","4","0","0","0","0","52","7","18","4"
"CondiserEnemyPosition","3","4","15013","100097","96811","-754","3","0","0","0","0","61","51","29"
"ConsiderSelfOnly","3","4","15013","36786","30289","668","4","0","0","0","0","56","5","19","4"
"CondiserEnemyPosition","3","4","15007","90951","87841","-760","3","0","0","0","0","60","49","28"
"ConsiderSelfOnly","3","4","15009","29440","23898","682","4","0","0","0","0","53","4","20","3"
"CondiserEnemyPosition","3","4","15005","301874","271104","-776","4","0","0","0","0","59","13","33","7"
"ConsiderSelfOnly","3","4","15004","53001","44855","662","4","0","0","0","0","58","9","12","5"
"CondiserEnemyPosition","3","4","15009","93866","90849","-782","3","0","0","0","0","61","47","30"
"ConsiderSelfOnly","3","4","15011","601717","572940","682","5","0","0","0","0","53","3","38","2","32"
"CondiserEnemyPosition","3","4","15005","76187","72916","-790","3","0","0","0","0","55","57","22"
"ConsiderSelfOnly","3","4","15015","61640","52331","698","4","0","0","0","0","65","7","17","5"
"CondiserEnemyPosition","3","4","15009","94527","91406","-768","3","0","0","0","0","58","51","29"
"ConsiderSelfOnly","3","4","15011","365052","342942","682","5","0","0","0","0","57","2","28","2","28"
"CondiserEnemyPosition","3","4","15012","79899","76493","-798","3","0","0","0","0","60","54","22"
"ConsiderSelfOnly","3","4","15009","71694","60700","698","4","0","0","0","0","64","7","20","4"
"CondiserEnemyPosition","3","4","15006","91651","88707","-760","3","0","0","0","0","56","50","30"
"ConsiderSelfOnly","3","4","15007","298646","281791","668","5","0","0","0","0","51","2","29","3","28"
"CondiserEnemyPosition","3","4","15001","99041","95511","-786","3","0","0","0","0","55","62","26"
"ConsiderSelfOnly","3","4","15005","77408","60502","690","4","0","0","0","0","68","7","33","3"
"CondiserEnemyPosition","3","4","15001","96859","93752","-784","3","0","0","0","0","62","48","30"
"ConsiderSelfOnly","3","4","15003","26580","20956","668","4","0","0","0","0","54","4","22","3"
"CondiserEnemyPosition","3","4","15001","82052","79292","-778","3","0","0","0","0","56","47","29"
"ConsiderSelfOnly","3","4","15013","23537","18676","682","4","0","0","0","0","56","3","23","3"
"CondiserEnemyPosition","3","4","15013","275501","245966","-798","4","0","0","0","0","58","13","34","6"
"ConsiderSelfOnly","3","4","15013","61243","51801","672","4","0","0","0","0","58","10","12","5"
"CondiserEnemyPosition","3","4","15011","55705","49996","-844","4","0","0","0","0","58","3","21","5"
"ConsiderSelfOnly","3","4","15004","42663","33357","690","4","0","0","0","0","69","3","30","2"
"CondiserEnemyPosition","3","4","15004","136666","132320","-778","3","0","0","0","0","66","63","30"
"ConsiderSelfOnly","3","4","15016","41161","30302","684","4","0","0","0","0","66","3","49","2"
"CondiserEnemyPosition","3","4","15003","63707","60886","-808","3","0","0","0","0","53","51","21"
"ConsiderSelfOnly","3","4","15013","25948","23811","698","3","0","0","0","0","65","30","11"
"CondiserEnemyPosition","3","4","15001","76540","73714","-778","3","0","0","0","0","57","47","26"
"ConsiderSelfOnly","3","4","15002","103485","84650","670","4","0","0","0","0","60","12","21","4"
"CondiserEnemyPosition","3","4","15005","117407","113290","-772","3","0","0","0","0","63","63","27"
"ConsiderSelfOnly","3","4","15002","67081","53251","686","4","0","0","0","0","71","6","26","3"
"CondiserEnemyPosition","3","4","15014","112555","108652","-776","3","0","0","0","0","56","67","28"
"ConsiderSelfOnly","3","4","15003","11096","10264","664","3","0","0","0","0","74","9","14"
"CondiserEnemyPosition","3","4","15002","84915","81669","-750","3","0","0","0","0","59","53","25"
"ConsiderSelfOnly","3","4","15011","189180","151139","672","4","0","0","0","0","65","20","26","3"
"CondiserEnemyPosition","3","4","15005","104775","101151","-768","3","0","0","0","0","60","58","28"
"ConsiderSelfOnly","3","4","15005","340359","316197","650","5","0","0","0","0","54","2","21","3","21"
"CondiserEnemyPosition","3","4","15004","19951","18851","-754","3","0","0","0","0","55","18","16"
"ConsiderSelfOnly","3","4","15001","34409","29902","564","4","0","0","0","0","44","6","13","6"
"CondiserEnemyPosition","3","4","15011","74656","72147","-760","3","0","0","0","0","57","42","29"
"ConsiderSelfOnly","3","4","15001","19485","15635","644","4","0","0","0","0","44","3","18","3"
"CondiserEnemyPosition","3","4","15006","63863","61830","-798","3","0","0","0","0","54","35","31"
"ConsiderSelfOnly","3","4","15014","428885","406543","642","5","0","0","0","0","52","3","18","4","27"
"CondiserEnemyPosition","3","4","15010","86517","83765","-790","3","0","0","0","0","57","46","30"
"ConsiderSelfOnly","3","4","15010","412613","387169","656","5","0","0","0","0","51","4","15","4","21"
"CondiserEnemyPosition","3","4","15003","68972","66534","-782","3","0","0","0","0","55","42","27"
"ConsiderSelfOnly","3","4","15015","394219","374206","618","5","0","0","0","0","42","3","16","4","26"
"CondiserEnemyPosition","3","4","15003","78421","75677","-822","3","0","0","0","0","56","47","27"
"ConsiderSelfOnly","3","4","15015","555986","526584","662","5","0","0","0","0","52","5","12","6","23"
"CondiserEnemyPosition","3","4","15011","78130","75494","-786","3","0","0","0","0","53","47","28"
"ConsiderSelfOnly","3","4","15001","416009","394778","652","5","0","0","0","0","53","2","21","4","27"
"CondiserEnemyPosition","3","4","15011","67306","64746","-840","3","0","0","0","0","54","45","25"
"ConsiderSelfOnly","3","4","15013","484741","460731","692","5","0","0","0","0","51","4","16","4","28"
"CondiserEnemyPosition","3","4","15001","86402","83320","-850","3","0","0","0","0","59","50","27"
"ConsiderSelfOnly","3","4","15004","452377","430015","710","5","0","0","0","0","51","3","20","3","29"
"CondiserEnemyPosition","3","4","15015","89091","85851","-876","3","0","0","0","0","59","52","26"
"ConsiderSelfOnly","3","4","15015","27882","22158","730","4","0","0","0","0","57","3","23","3"
"CondiserEnemyPosition","3","4","15006","82137","79256","-890","3","0","0","0","0","58","47","27"
"ConsiderSelfOnly","3","4","15012","645051","614502","730","5","0","0","0","0","62","2","40","3","34"
"CondiserEnemyPosition","3","4","15004","100160","96320","-874","3","0","0","0","0","61","60","25"
"ConsiderSelfOnly","3","4","15010","496989","475106","740","5","0","0","0","0","65","1","39","2","40"
"CondiserEnemyPosition","3","4","15006","62913","60201","-904","3","0","0","0","0","49","53","22"
"ConsiderSelfOnly","3","4","15012","24594","18459","726","4","0","0","0","0","67","2","30","2"
"CondiserEnemyPosition","3","4","15014","61852","58467","-888","3","0","0","0","0","52","63","17"
"ConsiderSelfOnly","3","4","15005","35233","26895","716","4","0","0","0","0","65","4","28","2"
"CondiserEnemyPosition","3","4","15011","74895","71651","-888","3","0","0","0","0","59","52","22"
"ConsiderSelfOnly","3","4","15005","46202","37733","754","4","0","0","0","0","66","6","16","4"
"CondiserEnemyPosition","3","4","15008","72847","69863","-886","3","0","0","0","0","55","52","23"
"ConsiderSelfOnly","3","4","15002","523082","494068","728","5","0","0","0","0","60","3","27","3","26"
"CondiserEnemyPosition","3","4","15013","305986","269470","-912","4","0","0","0","0","52","20","30","6"
"ConsiderSelfOnly","3","4","15006","112434","90610","754","4","0","0","0","0","68","13","20","4"
"CondiserEnemyPosition","3","4","15009","106618","102648","-874","3","0","0","0","0","66","58","25"
"ConsiderSelfOnly","3","4","15009","679358","652691","732","5","0","0","0","0","66","2","43","1","45"
"CondiserEnemyPosition","3","4","15001","80167","76940","-896","3","0","0","0","0","60","51","24"
"ConsiderSelfOnly","3","4","15004","640267","614154","726","5","0","0","0","0","68","1","41","2","39"
"CondiserEnemyPosition","3","4","15013","101152","97317","-890","3","0","0","0","0","62","59","25"
"ConsiderSelfOnly","3","4","15014","582480","552114","726","5","0","0","0","0","67","1","45","2","33"
"CondiserEnemyPosition","3","4","15015","77004","74070","-900","3","0","0","0","0","59","47","25"
"ConsiderSelfOnly","3","4","15006","598325","568511","726","5","0","0","0","0","62","2","29","3","29"
"CondiserEnemyPosition","3","4","15013","76752","73284","-872","3","0","0","0","0","57","58","20"
"ConsiderSelfOnly","3","4","15015","36580","28398","716","4","0","0","0","0","65","4","24","3"
"CondiserEnemyPosition","3","4","15009","72392","69241","-888","3","0","0","0","0","57","53","21"
"ConsiderSelfOnly","3","4","15001","574397","550457","726","5","0","0","0","0","66","1","41","2","42"
"CondiserEnemyPosition","3","4","15013","97202","93447","-876","3","0","0","0","0","57","63","24"
"ConsiderSelfOnly","3","4","15005","573322","548507","726","5","0","0","0","0","66","2","37","2","40"
"CondiserEnemyPosition","3","4","15009","80121","76536","-910","3","0","0","0","0","57","60","21"
"ConsiderSelfOnly","3","4","15013","95087","73874","754","4","0","0","0","0","64","11","26","3"
"CondiserEnemyPosition","3","4","15008","71684","68607","-886","3","0","0","0","0","55","53","22"
"ConsiderSelfOnly","3","4","15005","65426","53795","710","4","0","0","0","0","69","8","16","4"
"CondiserEnemyPosition","3","4","15003","224569","201363","-908","4","0","0","0","0","59","12","25","7"
"ConsiderSelfOnly","3","4","15004","85790","69538","754","4","0","0","0","0","64","9","20","3"
"CondiserEnemyPosition","3","4","15013","105818","102139","-888","3","0","0","0","0","64","55","28"
"ConsiderSelfOnly","3","4","15005","72969","59826","746","4","0","0","0","0","65","10","16","4"
"CondiserEnemyPosition","3","4","15005","104189","100242","-862","3","0","0","0","0","65","58","25"
"ConsiderSelfOnly","3","4","15004","512747","485712","712","5","0","0","0","0","63","2","29","2","29"
"CondiserEnemyPosition","3","4","15007","74793","71734","-892","3","0","0","0","0","55","53","23"
"ConsiderSelfOnly","3","4","15001","62874","53102","734","4","0","0","0","0","66","9","12","5"
"CondiserEnemyPosition","3","4","15003","130486","126209","-846","3","0","0","0","0","66","62","29"
"ConsiderSelfOnly","3","4","15011","31249","24295","712","4","0","0","0","0","68","3","25","2"
"CondiserEnemyPosition","3","4","15008","105864","102048","-864","3","0","0","0","0","63","58","26"
"ConsiderSelfOnly","3","4","15013","18474","13374","730","4","0","0","0","0","66","1","39","1"
"CondiserEnemyPosition","3","4","15009","67536","64699","-882","3","0","0","0","0","52","52","23"
"ConsiderSelfOnly","3","4","15009","20211","15140","732","4","0","0","0","0","62","2","37","2"
"CondiserEnemyPosition","3","4","15005","90830","87322","-880","3","0","0","0","0","61","55","24"
"ConsiderSelfOnly","3","4","15005","46843","38782","746","4","0","0","0","0","60","4","21","3"
"CondiserEnemyPosition","3","4","15001","62586","59633","-888","3","0","0","0","0","51","55","20"
"ConsiderSelfOnly","3","4","15007","68725","54645","738","4","0","0","0","0","61","8","24","3"
"CondiserEnemyPosition","3","4","15003","106492","102565","-858","3","0","0","0","0","64","59","26"
"ConsiderSelfOnly","3","4","15009","22537","17538","724","4","0","0","0","0","59","2","25","2"
"CondiserEnemyPosition","3","4","15011","71093","67992","-876","3","0","0","0","0","57","52","21"
"ConsiderSelfOnly","3","4","15015","26420","20923","738","4","0","0","0","0","59","3","26","3"
"CondiserEnemyPosition","3","4","15005","107088","103395","-892","3","0","0","0","0","67","53","28"
"ConsiderSelfOnly","3","4","15010","50628","41007","746","4","0","0","0","0","60","6","20","3"
"CondiserEnemyPosition","3","4","15007","80812","77447","-896","3","0","0","0","0","60","54","23"
"ConsiderSelfOnly","3","4","15011","121536","88552","738","4","0","0","0","0","64","11","41","2"
"CondiserEnemyPosition","3","4","15014","92437","88645","-888","3","0","0","0","0","65","56","23"
"ConsiderSelfOnly","3","4","15017","695190","666102","710","5","0","0","0","0","59","3","26","3","36"
"CondiserEnemyPosition","3","4","15010","87965","84816","-910","3","0","0","0","0","58","52","26"
"ConsiderSelfOnly","3","4","15007","580510","550391","746","5","0","0","0","0","62","3","27","3","30"
"CondiserEnemyPosition","3","4","15004","83980","80422","-900","3","0","0","0","0","61","56","22"
"ConsiderSelfOnly","3","4","15014","38883","31223","754","4","0","0","0","0","67","4","22","3"
"CondiserEnemyPosition","3","4","15014","83045","79956","-900","3","0","0","0","0","59","50","25"
"ConsiderSelfOnly","3","4","15013","462300","440329","746","5","0","0","0","0","64","2","37","2","38"
"CondiserEnemyPosition","3","4","15001","85787","82027","-904","3","0","0","0","0","62","58","21"
"ConsiderSelfOnly","3","4","15005","9465","8955","754","3","0","0","0","0","65","5","22"
"CondiserEnemyPosition","3","4","15009","49592","47468","-930","3","0","0","0","0","57","35","22"
"ConsiderSelfOnly","3","4","15014","159441","121095","748","4","0","0","0","0","63","17","31","2"
"CondiserEnemyPosition","3","4","15006","60883","58829","-918","3","0","0","0","0","60","32","29"
"ConsiderSelfOnly","3","4","15003","159329","122532","746","4","0","0","0","0","66","15","34","3"
"CondiserEnemyPosition","3","4","15005","99616","95801","-872","3","0","0","0","0","63","58","25"
"ConsiderSelfOnly","3","4","15009","432064","411998","726","5","0","0","0","0","63","2","34","2","39"
"CondiserEnemyPosition","3","4","15013","110847","107070","-870","3","0","0","0","0","60","60","28"
"ConsiderSelfOnly","3","4","15014","56794","44523","738","4","0","0","0","0","68","5","28","3"
"CondiserEnemyPosition","3","4","15008","99943","96336","-858","3","0","0","0","0","63","55","26"
"ConsiderSelfOnly","3","4","15003","416587","394156","724","5","0","0","0","0","59","3","23","3","29"
"CondiserEnemyPosition","3","4","15003","73353","69903","-870","3","0","0","0","0","59","56","20"
"ConsiderSelfOnly","3","4","15015","48119","39244","738","4","0","0","0","0","58","7","17","4"
"CondiserEnemyPosition","3","4","15007","89949","86346","-860","3","0","0","0","0","61","57","23"
"ConsiderSelfOnly","3","4","15015","37145","30142","726","4","0","0","0","0","61","5","19","3"
"CondiserEnemyPosition","3","4","15007","64173","61256","-890","3","0","0","0","0","57","49","20"
"ConsiderSelfOnly","3","4","15009","33893","26491","738","4","0","0","0","0","64","4","22","3"
"CondiserEnemyPosition","3","4","15013","129976","125557","-882","3","0","0","0","0","69","62","28"
"ConsiderSelfOnly","3","4","15007","51172","37230","732","4","0","0","0","0","62","5","38","2"
"CondiserEnemyPosition","3","4","15013","151255","134390","-906","4","0","0","0","0","60","10","23","5"
"ConsiderSelfOnly","3","4","15015","55788","44972","726","4","0","0","0","0","58","7","21","3"
"CondiserEnemyPosition","3","4","15015","88727","85606","-862","3","0","0","0","0","60","50","27"
"ConsiderSelfOnly","3","4","15007","77254","65167","730","4","0","0","0","0","65","10","14","5"
"CondiserEnemyPosition","3","4","15006","118631","114271","-826","3","0","0","0","0","65","65","26"
"ConsiderSelfOnly","3","4","15008","39069","31155","694","4","0","0","0","0","66","4","25","3"
"CondiserEnemyPosition","3","4","15001","92569","88932","-856","3","0","0","0","0","60","58","24"
"ConsiderSelfOnly","3","4","15009","52628","42442","724","4","0","0","0","0","63","6","21","3"
"CondiserEnemyPosition","3","4","15009","134873","130346","-830","3","0","0","0","0","66","66","28"
"ConsiderSelfOnly","3","4","15002","512199","485083","696","5","0","0","0","0","67","2","27","3","28"
"CondiserEnemyPosition","3","4","15003","90376","86703","-856","3","0","0","0","0","59","60","23"
"ConsiderSelfOnly","3","4","15001","630268","600256","724","5","0","0","0","0","64","3","20","4","29"
"CondiserEnemyPosition","3","4","15015","79400","76328","-862","3","0","0","0","0","54","54","24"
"ConsiderSelfOnly","3","4","15010","564887","536594","724","5","0","0","0","0","60","3","22","3","30"
"CondiserEnemyPosition","3","4","15009","72646","69144","-868","3","0","0","0","0","61","55","19"
"ConsiderSelfOnly","3","4","15000","382363","363637","738","5","0","0","0","0","60","2","35","2","37"
"CondiserEnemyPosition","3","4","15005","71768","68542","-908","3","0","0","0","0","56","55","21"
"ConsiderSelfOnly","3","4","15013","6178","5753","754","3","0","0","0","0","67","4","18"
"CondiserEnemyPosition","3","4","15009","56645","49099","-944","4","0","0","0","0","63","2","35","4"
"ConsiderSelfOnly","3","4","15001","27461","24816","748","3","0","0","0","0","65","38","9"
"CondiserEnemyPosition","3","4","15015","66210","63626","-866","3","0","0","0","0","57","43","24"
"ConsiderSelfOnly","3","4","15009","136689","116644","710","4","0","0","0","0","60","19","14","6"
"CondiserEnemyPosition","3","4","15013","103472","99503","-868","3","0","0","0","0","63","61","25"
"ConsiderSelfOnly","3","4","15011","34146","27400","700","4","0","0","0","0","62","3","26","3"
"CondiserEnemyPosition","3","4","15001","57708","55200","-876","3","0","0","0","0","51","47","22"
"ConsiderSelfOnly","3","4","15007","44524","37166","686","4","0","0","0","0","57","7","16","4"
"CondiserEnemyPosition","3","4","15009","222210","198338","-896","4","0","0","0","0","53","15","26","7"
"ConsiderSelfOnly","3","4","15011","37391","29787","686","4","0","0","0","0","60","5","21","3"
"CondiserEnemyPosition","3","4","15013","78629","75505","-846","3","0","0","0","0","58","51","24"
"ConsiderSelfOnly","3","4","15007","38793","31718","680","4","0","0","0","0","60","4","21","4"
"CondiserEnemyPosition","3","4","15006","66969","64546","-896","3","0","0","0","0","65","35","27"
"ConsiderSelfOnly","3","4","15005","621825","596506","706","5","0","0","0","0","60","2","33","2","41"
"CondiserEnemyPosition","3","4","15008","50209","48040","-894","3","0","0","0","0","60","34","22"
"ConsiderSelfOnly","3","4","15016","545403","519389","706","5","0","0","0","0","58","3","28","2","32"
"CondiserEnemyPosition","3","4","15011","81537","78199","-852","3","0","0","0","0","59","54","23"
"ConsiderSelfOnly","3","4","15009","387812","368364","706","5","0","0","0","0","60","2","32","2","35"
"CondiserEnemyPosition","3","4","15005","93921","90315","-892","3","0","0","0","0","67","51","25"
"ConsiderSelfOnly","3","4","15006","130698","98412","726","4","0","0","0","0","69","13","33","2"
"CondiserEnemyPosition","3","4","15006","107558","103451","-840","3","0","0","0","0","63","63","25"
"ConsiderSelfOnly","3","4","15003","25759","19747","706","4","0","0","0","0","61","2","37","2"
"CondiserEnemyPosition","3","4","15007","70136","67000","-880","3","0","0","0","0","57","53","21"
"ConsiderSelfOnly","3","4","15007","27717","21852","738","4","0","0","0","0","61","2","29","3"
"CondiserEnemyPosition","3","4","15011","90228","86718","-880","3","0","0","0","0","61","55","24"
"ConsiderSelfOnly","3","4","15007","42656","32187","746","4","0","0","0","0","62","4","31","2"
"CondiserEnemyPosition","3","4","15004","62023","58988","-888","3","0","0","0","0","50","58","19"
"ConsiderSelfOnly","3","4","15007","560561","535339","724","5","0","0","0","0","60","3","27","2","36"
"CondiserEnemyPosition","3","4","15014","314359","288519","-930","4","0","0","0","0","52","20","20","9"
"ConsiderSelfOnly","3","4","15011","68280","49010","738","4","0","0","0","0","68","7","37","2"
"CondiserEnemyPosition","3","4","15002","79213","76132","-904","3","0","0","0","0","56","53","25"
"ConsiderSelfOnly","3","4","15001","22994","17542","724","4","0","0","0","0","63","2","27","2"
"CondiserEnemyPosition","3","4","15013","74010","70734","-890","3","0","0","0","0","57","55","21"
"ConsiderSelfOnly","3","4","15016","27328","21536","738","4","0","0","0","0","65","2","27","3"
"CondiserEnemyPosition","3","4","15013","95658","91995","-894","3","0","0","0","0","62","57","25"
"ConsiderSelfOnly","3","4","15014","26705","20882","746","4","0","0","0","0","64","2","28","2"
"CondiserEnemyPosition","3","4","15011","70663","67445","-908","3","0","0","0","0","59","52","21"
"ConsiderSelfOnly","3","4","15013","32469","26361","754","4","0","0","0","0","65","3","21","3"
"CondiserEnemyPosition","3","4","15001","100710","96945","-888","3","0","0","0","0","62","58","25"
"ConsiderSelfOnly","3","4","15005","34018","25167","746","4","0","0","0","0","60","3","39","2"
"CondiserEnemyPosition","3","4","15003","62615","59694","-912","3","0","0","0","0","52","54","20"
"ConsiderSelfOnly","3","4","15007","30114","23501","754","4","0","0","0","0","64","3","25","2"
"CondiserEnemyPosition","3","4","15010","168174","150995","-932","4","0","0","0","0","52","10","25","6"
"ConsiderSelfOnly","3","4","15008","446188","424838","746","5","0","0","0","0","64","1","42","1","46"
"CondiserEnemyPosition","3","4","15015","53859","51099","-912","3","0","0","0","0","50","53","18"
"ConsiderSelfOnly","3","4","15003","32089","25978","754","4","0","0","0","0","64","3","21","3"
"CondiserEnemyPosition","3","4","15011","92708","89187","-888","3","0","0","0","0","60","56","25"
"ConsiderSelfOnly","3","4","15015","459632","437700","732","5","0","0","0","0","59","1","36","2","35"
"CondiserEnemyPosition","3","4","15009","59998","57341","-912","3","0","0","0","0","53","48","22"
"ConsiderSelfOnly","3","4","15010","62542","51090","754","4","0","0","0","0","69","6","19","4"
"CondiserEnemyPosition","3","4","15014","102194","98541","-882","3","0","0","0","0","66","53","27"
"ConsiderSelfOnly","3","4","15005","41255","32534","740","4","0","0","0","0","64","4","27","3"
"CondiserEnemyPosition","3","4","15005","73004","70037","-890","3","0","0","0","0","56","50","24"
"ConsiderSelfOnly","3","4","15004","32429","26143","732","4","0","0","0","0","63","4","18","3"
"CondiserEnemyPosition","3","4","15004","114179","109985","-864","3","0","0","0","0","64","63","26"
"ConsiderSelfOnly","3","4","15011","41383","33010","730","4","0","0","0","0","62","5","22","3"
"CondiserEnemyPosition","3","4","15008","82932","79682","-870","3","0","0","0","0","56","56","24"
"ConsiderSelfOnly","3","4","15006","516003","490921","732","5","0","0","0","0","62","2","28","2","34"
"CondiserEnemyPosition","3","4","14999","77326","74086","-902","3","0","0","0","0","59","52","23"
"ConsiderSelfOnly","3","4","15014","606254","576508","726","5","0","0","0","0","69","2","43","2","35"
"CondiserEnemyPosition","3","4","15006","89310","85588","-890","3","0","0","0","0","57","63","22"
"ConsiderSelfOnly","3","4","15013","32964","25132","726","4","0","0","0","0","65","3","29","2"
"CondiserEnemyPosition","3","4","15001","51984","49771","-930","3","0","0","0","0","54","38","22"
"ConsiderSelfOnly","3","4","15013","74754","60162","726","4","0","0","0","0","63","10","20","4"
"CondiserEnemyPosition","3","4","15013","79666","76564","-912","3","0","0","0","0","60","49","24"
"ConsiderSelfOnly","3","4","15007","70815","57315","726","4","0","0","0","0","61","8","22","3"
"CondiserEnemyPosition","3","4","15006","74110","71597","-878","3","0","0","0","0","53","45","28"
"ConsiderSelfOnly","3","4","15005","36500","27609","700","4","0","0","0","0","57","4","32","2"
"CondiserEnemyPosition","3","4","15007","66540","63569","-892","3","0","0","0","0","53","54","21"
"ConsiderSelfOnly","3","4","15007","600508","569686","726","5","0","0","0","0","60","3","28","3","28"
"CondiserEnemyPosition","3","4","15015","73465","70570","-900","3","0","0","0","0","54","51","24"
"ConsiderSelfOnly","3","4","15003","41735","33933","716","4","0","0","0","0","66","4","21","3"
"CondiserEnemyPosition","3","4","15011","67751","64857","-920","3","0","0","0","0","52","53","22"
"ConsiderSelfOnly","3","4","15015","467506","445100","716","5","0","0","0","0","60","2","24","3","32"
"CondiserEnemyPosition","3","4","15014","74096","70549","-914","3","0","0","0","0","55","62","19"
"ConsiderSelfOnly","3","4","15015","507044","481545","728","5","0","0","0","0","62","1","41","2","31"
"CondiserEnemyPosition","3","4","15013","70904","68072","-964","3","0","0","0","0","53","51","24"
"ConsiderSelfOnly","3","4","15005","49573","39514","766","4","0","0","0","0","62","6","21","3"
"CondiserEnemyPosition","3","4","15010","228413","209337","-962","4","0","0","0","0","47","23","14","10"
"ConsiderSelfOnly","3","4","15015","41639","32719","748","4","0","0","0","0","55","5","25","3"
"CondiserEnemyPosition","3","4","15009","80985","78047","-972","3","0","0","0","0","67","41","26"
"ConsiderSelfOnly","3","4","15007","451378","433959","758","5","0","0","0","0","53","2","30","2","44"
"CondiserEnemyPosition","3","4","15003","67009","63898","-984","3","0","0","0","0","60","49","20"
"ConsiderSelfOnly","3","4","15008","527100","501650","758","5","0","0","0","0","55","2","30","3","33"
"CondiserEnemyPosition","3","4","15001","97062","93510","-974","3","0","0","0","0","63","54","26"
"ConsiderSelfOnly","3","4","15007","465095","443530","770","5","0","0","0","0","63","2","34","2","36"
"CondiserEnemyPosition","3","4","15013","78118","74483","-984","3","0","0","0","0","61","57","20"
"ConsiderSelfOnly","3","4","15008","419383","400210","778","5","0","0","0","0","59","2","34","2","37"
"CondiserEnemyPosition","3","4","15009","226827","209606","-1028","4","0","0","0","0","53","23","10","12"
"ConsiderSelfOnly","3","4","15005","657938","630355","782","5","0","0","0","0","57","2","31","3","33"
"CondiserEnemyPosition","3","4","15015","75688","72491","-996","3","0","0","0","0","63","48","22"
"ConsiderSelfOnly","3","4","15013","544986","518421","782","5","0","0","0","0","54","3","34","2","31"
"CondiserEnemyPosition","3","4","15009","46435","44148","-1010","3","0","0","0","0","44","49","19"
"ConsiderSelfOnly","3","4","15015","24941","20067","788","4","0","0","0","0","58","1","34","1"
"CondiserEnemyPosition","3","4","15007","45075","42614","-1000","3","0","0","0","0","48","49","17"
"ConsiderSelfOnly","3","4","15007","563768","536675","772","5","0","0","0","0","60","3","29","2","32"
"CondiserEnemyPosition","3","4","15007","199286","181371","-998","4","0","0","0","0","42","26","12","9"
"ConsiderSelfOnly","3","4","15003","29181","21971","738","4","0","0","0","0","60","3","30","2"
"CondiserEnemyPosition","3","4","15001","177597","165843","-1020","4","0","0","0","0","52","12","13","14"
"ConsiderSelfOnly","3","4","15015","544752","510760","772","5","0","0","0","0","60","2","34","2","36"
"CondiserEnemyPosition","3","4","15004","312240","290413","-1018","4","0","0","0","0","56","14","22","13"
"ConsiderSelfOnly","3","4","15005","64381","44008","778","4","0","0","0","0","66","6","48","1"
"CondiserEnemyPosition","3","4","15015","44916","42337","-982","3","0","0","0","0","48","51","16"
"ConsiderSelfOnly","3","4","15015","350552","332289","772","5","0","0","0","0","58","1","39","1","41"
"CondiserEnemyPosition","3","4","15001","37339","34884","-974","3","0","0","0","0","42","56","13"
"ConsiderSelfOnly","3","4","15009","341554","325835","778","5","0","0","0","0","56","1","36","1","43"
"CondiserEnemyPosition","3","4","15014","37636","35399","-1006","3","0","0","0","0","44","48","15"
"ConsiderSelfOnly","3","4","15003","463741","443207","778","5","0","0","0","0","59","1","44","2","39"
"CondiserEnemyPosition","3","4","15011","28984","26979","-1024","3","0","0","0","0","42","45","13"
"ConsiderSelfOnly","3","4","15005","502637","479630","778","5","0","0","0","0","63","2","38","2","41"
"CondiserEnemyPosition","3","4","15002","34683","32375","-994","3","0","0","0","0","41","54","13"
"ConsiderSelfOnly","3","4","15002","401431","383801","778","5","0","0","0","0","65","1","45","1","52"
"CondiserEnemyPosition","3","4","15015","27064","24852","-998","3","0","0","0","0","37","57","10"
"ConsiderSelfOnly","3","4","15015","460603","440805","778","5","0","0","0","0","64","2","40","1","47"
"CondiserEnemyPosition","3","4","15003","28534","26440","-984","3","0","0","0","0","35","57","12"
"ConsiderSelfOnly","3","4","15007","345680","330032","772","5","0","0","0","0","59","1","39","1","44"
"CondiserEnemyPosition","3","4","15010","40570","38089","-994","3","0","0","0","0","39","61","14"
"ConsiderSelfOnly","3","4","15003","610431","587432","778","5","0","0","0","0","68","2","41","1","51"
"CondiserEnemyPosition","3","4","15003","129673","121012","-1010","4","0","0","0","0","28","29","7","15"
"ConsiderSelfOnly","3","5","15003","478340","448343","732","5","0","0","0","0","63","1","54","1","46"
"CondiserEnemyPosition","3","5","15011","109064","100690","-1690","4","0","0","0","0","26","38","6","14"
"ConsiderSelfOnly","3","5","15003","46674","34926","1462","4","0","0","0","0","68","5","30","2"
"CondiserEnemyPosition","3","5","15008","312781","283842","-1772","5","0","0","0","0","30","5","14","10","10"
"ConsiderSelfOnly","3","5","15011","159016","118824","1480","4","0","0","0","0","62","21","27","2"
"CondiserEnemyPosition","3","5","15003","373104","332475","-1726","5","0","0","0","0","31","7","13","10","9"
"ConsiderSelfOnly","3","5","15011","72917","60008","1440","4","0","0","0","0","59","12","14","3"
"CondiserEnemyPosition","3","5","15012","72184","65623","-1708","4","0","0","0","0","39","8","13","9"
"ConsiderSelfOnly","3","5","15001","205012","150697","1466","4","0","0","0","0","63","20","39","2"
"CondiserEnemyPosition","3","5","15015","288914","254489","-1684","5","0","0","0","0","32","5","13","11","7"
"ConsiderSelfOnly","3","5","15003","184331","140576","1476","4","0","0","0","0","58","21","32","2"
"CondiserEnemyPosition","3","5","15011","102007","92384","-1652","4","0","0","0","0","41","11","15","8"
"ConsiderSelfOnly","3","5","15008","82543","64514","1424","4","0","0","0","0","62","11","23","3"
"CondiserEnemyPosition","3","5","15011","106718","95314","-1656","4","0","0","0","0","38","15","16","7"
"ConsiderSelfOnly","3","5","15003","76672","61329","1436","4","0","0","0","0","59","12","18","3"
"CondiserEnemyPosition","3","5","15006","155187","139170","-1626","4","0","0","0","0","42","18","16","7"
"ConsiderSelfOnly","3","5","15004","141112","104456","1438","4","0","0","0","0","64","18","29","2"
"CondiserEnemyPosition","3","5","15011","149047","132789","-1638","4","0","0","0","0","42","20","17","8"
"ConsiderSelfOnly","3","5","15015","115444","92371","1432","4","0","0","0","0","54","16","23","3"
"CondiserEnemyPosition","3","5","15011","316201","283229","-1588","4","0","0","0","0","39","37","20","8"
"ConsiderSelfOnly","3","5","15016","52996","39821","1432","4","0","0","0","0","53","8","27","2"
"CondiserEnemyPosition","3","5","15007","51430","49288","-1616","3","0","0","0","0","42","49","23"
"ConsiderSelfOnly","3","5","15007","75005","63709","1440","4","0","0","0","0","62","10","14","5"
"CondiserEnemyPosition","3","5","15001","54827","52579","-1612","3","0","0","0","0","45","47","23"
"ConsiderSelfOnly","3","5","15001","488300","463427","1436","5","0","0","0","0","63","2","35","2","33"
"CondiserEnemyPosition","3","5","15005","259326","233485","-1634","4","0","0","0","0","47","23","20","8"
"ConsiderSelfOnly","3","5","15009","126469","105502","1466","4","0","0","0","0","63","13","20","4"
"CondiserEnemyPosition","3","5","15005","228437","204651","-1596","4","0","0","0","0","46","20","21","7"
"ConsiderSelfOnly","3","5","15004","52140","40964","1448","4","0","0","0","0","64","6","24","3"
"CondiserEnemyPosition","3","5","15011","72858","70137","-1574","3","0","0","0","0","51","51","26"
"ConsiderSelfOnly","3","5","15002","48677","39751","1428","4","0","0","0","0","55","7","19","4"
"CondiserEnemyPosition","3","5","15004","51940","49638","-1584","3","0","0","0","0","44","50","21"
"ConsiderSelfOnly","3","5","15015","600335","568602","1436","5","0","0","0","0","58","3","27","3","30"
"CondiserEnemyPosition","3","5","15003","56745","54352","-1590","3","0","0","0","0","47","48","22"
"ConsiderSelfOnly","3","5","15014","43622","33953","1454","4","0","0","0","0","58","5","29","3"
"CondiserEnemyPosition","3","5","15012","71428","68187","-1584","3","0","0","0","0","53","59","20"
"ConsiderSelfOnly","3","5","15006","538899","514485","1452","5","0","0","0","0","60","2","37","2","42"
"CondiserEnemyPosition","3","5","15009","77815","74680","-1608","3","0","0","0","0","54","56","23"
"ConsiderSelfOnly","3","5","15015","648014","616822","1462","5","0","0","0","0","59","3","28","3","30"
"CondiserEnemyPosition","3","5","15011","84726","81795","-1622","3","0","0","0","0","53","53","27"
"ConsiderSelfOnly","3","5","15007","515770","485709","1454","5","0","0","0","0","59","2","32","4","23"
"CondiserEnemyPosition","3","5","15009","78578","75880","-1640","3","0","0","0","0","55","47","28"
"ConsiderSelfOnly","3","5","15014","421248","399358","1454","5","0","0","0","0","54","3","19","4","27"
"CondiserEnemyPosition","3","5","15001","80769","78017","-1650","3","0","0","0","0","54","48","28"
"ConsiderSelfOnly","3","5","15015","27419","21994","1462","4","0","0","0","0","61","4","18","3"
"CondiserEnemyPosition","3","5","15011","320574","292765","-1666","4","0","0","0","0","52","35","12","10"
"ConsiderSelfOnly","3","5","15002","504983","479368","1448","5","0","0","0","0","57","3","28","3","28"
"CondiserEnemyPosition","3","5","15012","76304","73030","-1660","3","0","0","0","0","55","57","22"
"ConsiderSelfOnly","3","5","15005","135705","106016","1488","4","0","0","0","0","66","14","28","3"
"CondiserEnemyPosition","3","5","15014","65581","62794","-1630","3","0","0","0","0","51","52","22"
"ConsiderSelfOnly","3","5","15005","96632","72286","1484","4","0","0","0","0","65","9","37","2"
"CondiserEnemyPosition","3","5","15004","113262","109401","-1608","3","0","0","0","0","61","61","28"
"ConsiderSelfOnly","3","5","15015","29127","21978","1462","4","0","0","0","0","64","3","32","2"
"CondiserEnemyPosition","3","5","15002","154340","141176","-1652","4","0","0","0","0","53","8","22","7"
"ConsiderSelfOnly","3","5","15011","79543","62530","1490","4","0","0","0","0","69","8","27","3"
"CondiserEnemyPosition","3","5","15015","87682","84585","-1586","3","0","0","0","0","57","52","27"
"ConsiderSelfOnly","3","5","15011","480296","455280","1468","5","0","0","0","0","55","3","27","2","29"
"CondiserEnemyPosition","3","5","15007","76207","73332","-1600","3","0","0","0","0","55","50","25"
"ConsiderSelfOnly","3","5","15002","377325","357915","1468","5","0","0","0","0","52","2","26","2","31"
"CondiserEnemyPosition","3","5","15013","82434","79155","-1626","3","0","0","0","0","50","63","23"
"ConsiderSelfOnly","3","5","15015","135209","98383","1490","4","0","0","0","0","69","11","45","2"
"CondiserEnemyPosition","3","5","15011","73939","71211","-1624","3","0","0","0","0","56","46","26"
"ConsiderSelfOnly","3","5","15004","23875","18745","1468","4","0","0","0","0","55","3","22","3"
"CondiserEnemyPosition","3","5","15011","64963","62495","-1618","3","0","0","0","0","51","46","25"
"ConsiderSelfOnly","3","5","15004","28176","22679","1482","4","0","0","0","0","53","4","21","3"
"CondiserEnemyPosition","3","5","15004","75001","72206","-1638","3","0","0","0","0","56","47","26"
"ConsiderSelfOnly","3","5","15005","627630","596485","1482","5","0","0","0","0","53","2","40","2","34"
"CondiserEnemyPosition","3","5","15006","69212","66001","-1616","3","0","0","0","0","54","57","20"
"ConsiderSelfOnly","3","5","15015","68729","57778","1498","4","0","0","0","0","65","6","21","4"
"CondiserEnemyPosition","3","5","15005","79324","76351","-1600","3","0","0","0","0","55","52","25"
"ConsiderSelfOnly","3","5","15014","23635","18899","1482","4","0","0","0","0","49","4","20","3"
"CondiserEnemyPosition","3","5","15007","50791","48839","-1650","3","0","0","0","0","50","37","25"
"ConsiderSelfOnly","3","5","15015","514038","488472","1482","5","0","0","0","0","53","3","28","3","31"
"CondiserEnemyPosition","3","5","15007","184302","167775","-1648","4","0","0","0","0","48","11","24","8"
"ConsiderSelfOnly","3","5","15012","36714","30201","1472","4","0","0","0","0","56","5","16","4"
"CondiserEnemyPosition","3","5","15005","62789","60585","-1654","3","0","0","0","0","54","38","28"
"ConsiderSelfOnly","3","5","15011","132842","97308","1500","4","0","0","0","0","68","13","38","2"
"CondiserEnemyPosition","3","5","15005","69511","66308","-1602","3","0","0","0","0","49","63","20"
"ConsiderSelfOnly","3","5","15004","36957","28663","1454","4","0","0","0","0","69","3","30","2"
"CondiserEnemyPosition","3","5","15011","71482","68642","-1648","3","0","0","0","0","53","51","24"
"ConsiderSelfOnly","3","5","15009","174801","127859","1500","4","0","0","0","0","67","15","42","2"
"CondiserEnemyPosition","3","5","15002","150527","134415","-1624","4","0","0","0","0","49","10","26","6"
"ConsiderSelfOnly","3","5","15006","64031","52239","1478","4","0","0","0","0","66","7","20","4"
"CondiserEnemyPosition","3","5","15005","106754","102875","-1596","3","0","0","0","0","60","62","26"
"ConsiderSelfOnly","3","5","15006","39014","30131","1462","4","0","0","0","0","69","4","27","2"
"CondiserEnemyPosition","3","5","15005","84460","80956","-1608","3","0","0","0","0","57","59","23"
"ConsiderSelfOnly","3","5","15008","35366","27394","1462","4","0","0","0","0","68","3","27","2"
"CondiserEnemyPosition","3","5","15005","119178","107922","-1636","4","0","0","0","0","56","7","20","5"
"ConsiderSelfOnly","3","5","15007","51186","41456","1484","4","0","0","0","0","63","5","24","3"
"CondiserEnemyPosition","3","5","15006","163809","138084","-1632","4","0","0","0","0","52","11","39","3"
"ConsiderSelfOnly","3","5","15015","51680","39475","1468","4","0","0","0","0","60","6","27","2"
"CondiserEnemyPosition","3","5","15004","68259","65453","-1598","3","0","0","0","0","46","59","23"
"ConsiderSelfOnly","3","5","15003","528713","504643","1462","5","0","0","0","0","64","2","28","2","38"
"CondiserEnemyPosition","3","5","15015","52526","50361","-1648","3","0","0","0","0","47","44","23"
"ConsiderSelfOnly","3","5","15006","92316","76871","1484","4","0","0","0","0","63","11","19","4"
"CondiserEnemyPosition","3","5","15011","61421","54805","-1664","4","0","0","0","0","52","4","20","5"
"ConsiderSelfOnly","3","5","15006","118607","95352","1468","4","0","0","0","0","61","14","23","3"
"CondiserEnemyPosition","3","5","15016","50644","48487","-1636","3","0","0","0","0","48","42","22"
"ConsiderSelfOnly","3","5","15011","415420","386569","1458","5","0","0","0","0","61","3","20","3","23"
"CondiserEnemyPosition","3","5","15015","90800","87305","-1610","3","0","0","0","0","52","65","24"
"ConsiderSelfOnly","3","5","15009","332792","314586","1428","5","0","0","0","0","62","1","30","2","34"
"CondiserEnemyPosition","3","5","15005","62005","59129","-1648","3","0","0","0","0","58","47","20"
"ConsiderSelfOnly","3","5","15002","382242","362404","1392","5","0","0","0","0","45","3","5","19","22"
"CondiserEnemyPosition","3","5","15000","67790","65774","-1630","3","0","0","0","0","52","36","33"
"ConsiderSelfOnly","3","5","15013","161811","153790","1402","5","0","0","0","0","39","2","2","21","28"
"CondiserEnemyPosition","3","5","15004","36805","35423","-1638","3","0","0","0","0","45","28","26"
"ConsiderSelfOnly","3","5","15014","208718","193309","1418","5","0","0","0","0","41","2","3","23","21"
"CondiserEnemyPosition","3","5","15007","31005","29960","-1640","3","0","0","0","0","42","22","30"
"ConsiderSelfOnly","3","5","15001","136819","127060","1392","6","0","0","0","0","52","1","1","22","2","26"
"CondiserEnemyPosition","3","5","15006","42","42","-1620","1","0","0","0","0","42"
"ConsiderSelfOnly","3","6","15003","73186","67651","1376","6","0","0","0","0","48","1","1","18","1","40"
