"player","score of ConsiderSelfOnly","score of CondiserEnemyPosition","time spent","nodes visited","leaf nodes","rating of game state","depth","exact cuts","window cuts","windows narrowed","transposition table size","branching factor at depth 1","branching factor at depth 2","branching factor at depth 3","branching factor at depth 4","branching factor at depth 5","branching factor at depth 6"
"ConsiderSelfOnly","0","0","15013","370900","349470","-188","5","0","0","0","0","52","2","25","3","25"
"CondiserEnemyPosition","0","0","15009","154801","140722","-12","4","0","0","0","0","52","9","23","7"
"ConsiderSelfOnly","0","0","15005","31022","25502","-176","4","0","0","0","0","59","2","30","3"
"CondiserEnemyPosition","0","0","15014","284455","253451","-22","4","0","0","0","0","54","25","20","7"
"ConsiderSelfOnly","0","0","15006","70241","62478","-154","4","0","0","0","0","59","11","8","8"
"CondiserEnemyPosition","0","0","15012","257264","229672","6","4","0","0","0","0","58","21","19","7"
"ConsiderSelfOnly","0","0","15007","58070","48317","-160","4","0","0","0","0","65","7","19","4"
"CondiserEnemyPosition","0","0","15006","72104","69380","6","3","0","0","0","0","66","39","25"
"ConsiderSelfOnly","0","0","15003","461385","428972","-138","5","0","0","0","0","70","3","23","3","20"
"CondiserEnemyPosition","0","0","15003","60818","58192","8","3","0","0","0","0","57","44","21"
"ConsiderSelfOnly","0","0","15006","52318","42637","-128","4","0","0","0","0","68","4","28","3"
"CondiserEnemyPosition","0","0","15008","178734","158437","0","4","0","0","0","0","63","14","19","5"
"ConsiderSelfOnly","0","0","15001","44873","36329","-94","4","0","0","0","0","60","5","24","3"
"CondiserEnemyPosition","0","0","15010","259379","222760","4","4","0","0","0","0","61","19","27","5"
"ConsiderSelfOnly","0","0","15015","137134","111846","-80","4","0","0","0","0","58","12","33","4"
"CondiserEnemyPosition","0","0","15013","209442","177441","36","4","0","0","0","0","59","14","33","4"
"ConsiderSelfOnly","0","0","15013","36499","33685","-78","3","0","0","0","0","60","44","11"
"CondiserEnemyPosition","0","0","15004","261504","227135","54","4","0","0","0","0","56","19","29","6"
"ConsiderSelfOnly","0","0","15014","39996","37039","-64","3","0","0","0","0","64","44","11"
"CondiserEnemyPosition","0","0","15013","41769","40190","74","3","0","0","0","0","61","23","26"
"ConsiderSelfOnly","0","0","15011","19996","18229","-130","3","0","0","0","0","61","26","10"
"CondiserEnemyPosition","0","0","15009","83992","70520","68","4","0","0","0","0","66","6","29","4"
"ConsiderSelfOnly","0","0","15015","27708","25681","-90","3","0","0","0","0","54","35","12"
"CondiserEnemyPosition","0","0","15014","76800","64308","74","4","0","0","0","0","54","9","22","4"
"ConsiderSelfOnly","0","0","15011","67249","58870","-118","4","0","0","0","0","57","7","12","5"
"CondiserEnemyPosition","0","0","15010","48772","42355","96","4","0","0","0","0","50","4","23","5"
"ConsiderSelfOnly","0","0","15011","135322","108721","-116","4","0","0","0","0","65","9","39","3"
"CondiserEnemyPosition","0","0","15001","33232","31815","132","3","0","0","0","0","52","25","23"
"ConsiderSelfOnly","0","0","15008","79205","65493","-148","4","0","0","0","0","68","8","21","4"
"CondiserEnemyPosition","0","0","15015","34610","28548","136","4","0","0","0","0","57","2","37","2"
"ConsiderSelfOnly","0","0","15003","30523","28156","-134","3","0","0","0","0","67","33","11"
"CondiserEnemyPosition","0","0","15011","47165","40527","156","4","0","0","0","0","58","3","24","3"
"ConsiderSelfOnly","0","0","15009","343697","308284","-174","4","0","0","0","0","63","38","12","9"
"CondiserEnemyPosition","0","0","15011","91273","81411","182","4","0","0","0","0","58","6","20","6"
"ConsiderSelfOnly","0","0","15001","379348","347281","-176","4","0","0","0","0","66","41","9","11"
"CondiserEnemyPosition","0","0","15009","95283","91987","242","3","0","0","0","0","66","47","28"
"ConsiderSelfOnly","0","0","15007","339354","307699","-250","4","0","0","0","0","65","36","10","10"
"CondiserEnemyPosition","0","0","15004","37537","35930","212","3","0","0","0","0","61","24","23"
"ConsiderSelfOnly","0","0","15009","53646","49505","-220","3","0","0","0","0","64","62","11"
"CondiserEnemyPosition","0","0","15011","45516","43556","222","3","0","0","0","0","60","30","22"
"ConsiderSelfOnly","0","0","15010","64734","59934","-380","3","0","0","0","0","74","62","11"
"CondiserEnemyPosition","0","0","15003","184606","161668","134","4","0","0","0","0","63","15","20","5"
"ConsiderSelfOnly","0","0","15007","75410","70374","-374","3","0","0","0","0","75","65","13"
"CondiserEnemyPosition","0","0","15015","112622","98074","182","4","0","0","0","0","75","9","18","5"
"ConsiderSelfOnly","0","0","15015","88784","82849","-414","3","0","0","0","0","83","69","13"
"CondiserEnemyPosition","0","1","15012","164954","140420","214","4","0","0","0","0","70","18","17","5"
"ConsiderSelfOnly","0","1","15002","134241","109435","-1040","4","0","0","0","0","85","8","32","3"
"CondiserEnemyPosition","0","1","15015","158743","134363","962","4","0","0","0","0","60","15","24","4"
"ConsiderSelfOnly","0","1","15005","82316","68241","-1022","4","0","0","0","0","74","5","28","3"
"CondiserEnemyPosition","0","1","15004","159047","134424","974","4","0","0","0","0","64","14","23","4"
"ConsiderSelfOnly","0","1","15013","42060","38967","-1022","3","0","0","0","0","77","38","12"
"CondiserEnemyPosition","0","1","15009","311213","266552","994","4","0","0","0","0","61","22","30","5"
"ConsiderSelfOnly","0","1","15002","116228","101754","-1008","4","0","0","0","0","67","11","15","6"
"CondiserEnemyPosition","0","1","15008","313681","266367","1002","4","0","0","0","0","61","25","27","4"
"ConsiderSelfOnly","0","1","15003","163719","142172","-1008","4","0","0","0","0","70","16","17","6"
"CondiserEnemyPosition","0","1","15013","114628","98862","1006","4","0","0","0","0","52","13","19","5"
"ConsiderSelfOnly","0","1","15005","33252","31605","-986","3","0","0","0","0","65","23","19"
"CondiserEnemyPosition","0","1","15015","128226","107457","1048","4","0","0","0","0","43","15","28","3"
"ConsiderSelfOnly","0","1","15007","43885","41228","-1012","3","0","0","0","0","65","38","15"
"CondiserEnemyPosition","0","1","15007","238304","203059","1034","4","0","0","0","0","49","26","25","5"
"ConsiderSelfOnly","0","1","15009","46783","44178","-992","3","0","0","0","0","70","35","17"
"CondiserEnemyPosition","0","1","15015","33499","31990","1038","3","0","0","0","0","45","31","21"
"ConsiderSelfOnly","0","1","15013","100243","85228","-1024","4","0","0","0","0","55","10","23","5"
"CondiserEnemyPosition","0","1","15011","84333","68998","1030","4","0","0","0","0","51","10","25","3"
"ConsiderSelfOnly","0","1","15010","167370","145729","-994","4","0","0","0","0","58","22","13","6"
"CondiserEnemyPosition","0","1","15015","152724","126710","1044","4","0","0","0","0","45","20","25","4"
"ConsiderSelfOnly","0","1","15009","36354","34157","-1004","3","0","0","0","0","66","31","15"
"CondiserEnemyPosition","0","1","15014","180126","151779","1058","4","0","0","0","0","49","21","24","4"
"ConsiderSelfOnly","0","1","15015","167511","137791","-1008","4","0","0","0","0","67","11","34","4"
"CondiserEnemyPosition","0","1","15015","60778","53650","1042","4","0","0","0","0","46","8","14","5"
"ConsiderSelfOnly","0","1","15005","33697","31537","-1006","3","0","0","0","0","68","29","14"
"CondiserEnemyPosition","0","1","15001","101027","85958","1040","4","0","0","0","0","50","14","18","5"
"ConsiderSelfOnly","0","1","15011","51093","47726","-1024","3","0","0","0","0","62","52","13"
"CondiserEnemyPosition","0","1","15010","149233","124548","1044","4","0","0","0","0","58","15","24","4"
"ConsiderSelfOnly","0","1","15011","61546","56972","-1124","3","0","0","0","0","65","68","11"
"CondiserEnemyPosition","0","2","15008","48985","39218","1032","4","0","0","0","0","66","5","23","3"
"ConsiderSelfOnly","0","2","15014","179435","155547","-1832","4","0","0","0","0","62","19","16","6"
"CondiserEnemyPosition","0","2","15008","158126","131706","1762","4","0","0","0","0","60","17","22","4"
"ConsiderSelfOnly","0","2","15005","151102","134027","-1854","4","0","0","0","0","54","14","17","7"
"CondiserEnemyPosition","0","2","15014","144130","118611","1740","4","0","0","0","0","61","20","18","4"
"ConsiderSelfOnly","0","2","15012","104613","89978","-1864","4","0","0","0","0","55","16","13","6"
"CondiserEnemyPosition","0","2","15009","334284","281475","1794","4","0","0","0","0","61","27","29","4"
"ConsiderSelfOnly","0","2","15003","93911","77446","-1814","4","0","0","0","0","56","10","26","4"
"CondiserEnemyPosition","0","2","15003","219320","185737","1840","4","0","0","0","0","46","23","28","4"
"ConsiderSelfOnly","0","2","15013","245522","224442","-1834","5","0","0","0","0","42","4","18","4","15"
"CondiserEnemyPosition","0","2","15006","63379","52062","1806","4","0","0","0","0","49","7","27","3"
"ConsiderSelfOnly","0","2","15013","83223","70968","-1788","4","0","0","0","0","44","8","28","5"
"CondiserEnemyPosition","0","2","15009","107221","87087","1872","4","0","0","0","0","44","13","31","3"
"ConsiderSelfOnly","0","2","15002","300669","275414","-1836","5","0","0","0","0","42","3","22","4","15"
"CondiserEnemyPosition","0","2","15014","113218","94953","1864","4","0","0","0","0","50","9","34","3"
"ConsiderSelfOnly","0","2","15005","656128","601802","-1788","5","0","0","0","0","41","8","22","4","15"
"CondiserEnemyPosition","0","2","15010","247778","204935","1878","4","0","0","0","0","46","22","39","4"
"ConsiderSelfOnly","0","2","15012","299286","273370","-1802","5","0","0","0","0","43","5","16","4","14"
"CondiserEnemyPosition","0","2","15014","82738","67037","1858","4","0","0","0","0","47","10","30","3"
"ConsiderSelfOnly","0","2","15005","586812","541137","-1782","5","0","0","0","0","40","8","22","4","15"
"CondiserEnemyPosition","0","2","15002","84124","68097","1866","4","0","0","0","0","44","11","28","3"
"ConsiderSelfOnly","0","2","15003","68129","56068","-1796","4","0","0","0","0","45","13","18","4"
"CondiserEnemyPosition","0","2","15013","84810","70496","1878","4","0","0","0","0","49","7","33","3"
"ConsiderSelfOnly","0","2","15013","113621","94925","-1796","4","0","0","0","0","41","20","20","4"
"CondiserEnemyPosition","0","2","15008","82721","65671","1902","4","0","0","0","0","47","10","31","3"
"ConsiderSelfOnly","0","2","15001","179837","157981","-1794","4","0","0","0","0","41","24","19","7"
"CondiserEnemyPosition","0","2","15004","144699","113536","1920","4","0","0","0","0","47","15","39","2"
"ConsiderSelfOnly","0","2","15001","110610","96859","-1814","4","0","0","0","0","41","21","13","7"
"CondiserEnemyPosition","0","2","15005","133467","105680","1922","4","0","0","0","0","46","16","33","3"
"ConsiderSelfOnly","0","2","15005","363524","329160","-1854","5","0","0","0","0","43","6","17","4","12"
"CondiserEnemyPosition","0","2","15009","144399","114788","1904","4","0","0","0","0","51","16","31","3"
"ConsiderSelfOnly","0","2","15013","45380","38346","-1860","4","0","0","0","0","44","7","19","5"
"CondiserEnemyPosition","0","2","15013","173079","137478","1888","4","0","0","0","0","56","18","32","3"
"ConsiderSelfOnly","0","2","15009","326667","297329","-1830","5","0","0","0","0","43","3","22","3","17"
"CondiserEnemyPosition","0","2","15005","180249","151189","1884","4","0","0","0","0","48","18","30","4"
"ConsiderSelfOnly","0","2","15009","59144","50411","-1816","4","0","0","0","0","42","12","13","5"
"CondiserEnemyPosition","0","2","15011","125006","103755","1884","4","0","0","0","0","50","11","35","3"
"ConsiderSelfOnly","0","2","15009","412415","377817","-1804","5","0","0","0","0","37","5","22","4","14"
"CondiserEnemyPosition","0","2","15004","181754","149392","1874","4","0","0","0","0","48","16","38","3"
"ConsiderSelfOnly","0","2","15003","95538","81765","-1790","4","0","0","0","0","35","14","24","5"
"CondiserEnemyPosition","0","2","15003","189952","151782","1880","4","0","0","0","0","45","18","42","3"
"ConsiderSelfOnly","0","2","15014","82303","72195","-1772","4","0","0","0","0","37","15","14","6"
"CondiserEnemyPosition","0","2","15011","239636","196019","1890","4","0","0","0","0","46","22","40","4"
"ConsiderSelfOnly","0","2","15005","75192","65293","-1810","4","0","0","0","0","35","18","12","7"
"CondiserEnemyPosition","0","2","15008","152784","126781","1880","4","0","0","0","0","50","13","34","3"
"ConsiderSelfOnly","0","2","15009","163547","141881","-1780","4","0","0","0","0","35","29","18","6"
"CondiserEnemyPosition","0","2","15002","215511","178677","1890","4","0","0","0","0","46","19","39","4"
"ConsiderSelfOnly","0","2","15007","151822","132370","-1802","4","0","0","0","0","40","24","17","6"
"CondiserEnemyPosition","0","2","15013","91187","72949","1884","4","0","0","0","0","51","10","31","3"
"ConsiderSelfOnly","0","2","15010","197844","167248","-1790","4","0","0","0","0","45","25","23","5"
"CondiserEnemyPosition","0","2","15007","240223","189500","1952","4","0","0","0","0","48","25","39","3"
"ConsiderSelfOnly","0","2","15001","59740","50650","-1820","4","0","0","0","0","44","7","23","4"
"CondiserEnemyPosition","0","2","15015","226560","181087","1964","4","0","0","0","0","46","24","37","3"
"ConsiderSelfOnly","0","2","15003","77407","65612","-1820","4","0","0","0","0","42","10","23","5"
"CondiserEnemyPosition","0","2","15009","129272","101660","1932","4","0","0","0","0","46","14","37","2"
"ConsiderSelfOnly","0","2","15007","115616","101987","-1806","4","0","0","0","0","41","12","23","7"
"CondiserEnemyPosition","0","2","15013","178605","137546","1928","4","0","0","0","0","43","24","36","2"
"ConsiderSelfOnly","0","2","15009","156656","132702","-1816","4","0","0","0","0","41","22","23","5"
"CondiserEnemyPosition","0","2","15005","187346","139397","1934","4","0","0","0","0","49","22","40","2"
"ConsiderSelfOnly","0","2","15006","219523","192430","-1800","4","0","0","0","0","40","21","28","7"
"CondiserEnemyPosition","0","2","15015","205919","157157","1942","4","0","0","0","0","45","27","37","2"
"ConsiderSelfOnly","0","2","15013","124522","106717","-1826","4","0","0","0","0","43","18","20","5"
"CondiserEnemyPosition","0","2","15005","97740","80340","1930","4","0","0","0","0","48","10","33","3"
"ConsiderSelfOnly","0","2","15015","139298","118056","-1820","4","0","0","0","0","42","22","20","5"
"CondiserEnemyPosition","0","2","15014","250474","211014","1946","4","0","0","0","0","43","25","34","5"
"ConsiderSelfOnly","0","2","15003","309388","279794","-1846","5","0","0","0","0","40","6","13","5","11"
"CondiserEnemyPosition","0","2","15011","121493","102867","1882","4","0","0","0","0","51","13","25","4"
"ConsiderSelfOnly","0","2","15015","283568","245121","-1806","4","0","0","0","0","41","29","29","6"
"CondiserEnemyPosition","0","2","15015","94400","79387","1950","4","0","0","0","0","41","11","29","4"
"ConsiderSelfOnly","0","2","15011","345017","301951","-1806","4","0","0","0","0","43","31","29","6"
"CondiserEnemyPosition","0","2","15009","33401","27933","1950","4","0","0","0","0","42","4","26","3"
"ConsiderSelfOnly","0","2","15001","170900","144786","-1836","4","0","0","0","0","44","19","27","5"
"CondiserEnemyPosition","0","2","15003","88392","71471","2000","4","0","0","0","0","43","9","36","3"
"ConsiderSelfOnly","0","2","15008","73959","63062","-1856","4","0","0","0","0","38","9","25","5"
"CondiserEnemyPosition","0","2","15015","179051","146978","2028","4","0","0","0","0","45","17","38","3"
"ConsiderSelfOnly","0","2","15013","83313","72561","-1850","4","0","0","0","0","41","12","17","6"
"CondiserEnemyPosition","0","2","15011","73590","57500","1994","4","0","0","0","0","40","11","34","2"
"ConsiderSelfOnly","0","2","15005","42507","35893","-1852","4","0","0","0","0","43","6","18","4"
"CondiserEnemyPosition","0","2","15005","472354","441355","1976","5","0","0","0","0","43","3","30","3","21"
"ConsiderSelfOnly","0","2","15013","198582","175615","-1850","4","0","0","0","0","42","35","13","7"
"CondiserEnemyPosition","0","2","15015","34739","27010","2012","4","0","0","0","0","46","4","38","2"
"ConsiderSelfOnly","0","2","15010","686684","629555","-1900","5","0","0","0","0","41","13","12","6","13"
"CondiserEnemyPosition","0","2","15015","206303","158511","2040","4","0","0","0","0","44","27","37","3"
"ConsiderSelfOnly","0","2","15010","107083","92517","-1950","4","0","0","0","0","41","31","9","6"
"CondiserEnemyPosition","0","2","15008","111796","87909","2040","4","0","0","0","0","45","13","37","2"
"ConsiderSelfOnly","0","2","15016","173100","148004","-1876","4","0","0","0","0","39","30","19","6"
"CondiserEnemyPosition","0","2","15010","195843","151074","2040","4","0","0","0","0","44","25","37","3"
"ConsiderSelfOnly","0","2","15015","137349","120357","-1862","4","0","0","0","0","41","35","10","7"
"CondiserEnemyPosition","0","2","15008","111397","89621","2024","4","0","0","0","0","44","13","33","3"
"ConsiderSelfOnly","0","2","15005","138910","120496","-1892","4","0","0","0","0","43","36","9","7"
"CondiserEnemyPosition","0","2","15002","410461","381435","1988","5","0","0","0","0","45","3","26","4","19"
"ConsiderSelfOnly","0","2","15007","113340","99282","-1922","4","0","0","0","0","42","31","8","7"
"CondiserEnemyPosition","0","2","15014","54385","44067","2000","4","0","0","0","0","45","7","27","3"
"ConsiderSelfOnly","0","2","15003","233913","215114","-1936","4","0","0","0","0","40","50","7","13"
"CondiserEnemyPosition","0","2","15015","73476","60295","1978","4","0","0","0","0","51","7","29","3"
"ConsiderSelfOnly","0","2","15011","61340","52334","-1936","4","0","0","0","0","39","15","13","5"
"CondiserEnemyPosition","0","2","15007","50807","40357","2020","4","0","0","0","0","43","7","31","2"
"ConsiderSelfOnly","0","2","15007","127325","112618","-1892","4","0","0","0","0","37","32","10","8"
"CondiserEnemyPosition","0","2","15009","96571","75812","2008","4","0","0","0","0","46","11","37","2"
"ConsiderSelfOnly","0","2","15001","143879","126272","-1876","4","0","0","0","0","39","21","19","7"
"CondiserEnemyPosition","0","2","15010","65749","53171","2020","4","0","0","0","0","47","6","36","2"
"ConsiderSelfOnly","0","2","15003","649110","599682","-1902","5","0","0","0","0","46","7","13","7","14"
"CondiserEnemyPosition","0","2","15015","160850","127831","2022","4","0","0","0","0","49","14","42","3"
"ConsiderSelfOnly","0","2","15003","172386","145368","-1864","4","0","0","0","0","42","26","22","5"
"CondiserEnemyPosition","0","2","15014","105107","82572","2026","4","0","0","0","0","46","11","40","2"
"ConsiderSelfOnly","0","2","15007","98985","87244","-1860","4","0","0","0","0","40","28","8","8"
"CondiserEnemyPosition","0","2","15001","74333","58760","2042","4","0","0","0","0","41","12","27","3"
"ConsiderSelfOnly","0","2","15007","122551","109227","-1890","4","0","0","0","0","40","26","10","8"
"CondiserEnemyPosition","0","2","15003","47732","37594","1982","4","0","0","0","0","49","7","26","3"
"ConsiderSelfOnly","0","2","15001","113626","97704","-1854","4","0","0","0","0","39","19","18","6"
"CondiserEnemyPosition","0","2","15005","66274","51194","2050","4","0","0","0","0","42","11","30","2"
"ConsiderSelfOnly","0","2","15005","631073","569350","-1898","5","0","0","0","0","39","9","17","6","11"
"CondiserEnemyPosition","0","2","15003","58298","45597","2034","4","0","0","0","0","45","8","30","2"
"ConsiderSelfOnly","0","2","15010","108146","92484","-1868","4","0","0","0","0","39","19","18","5"
"CondiserEnemyPosition","0","2","15010","71833","57227","2056","4","0","0","0","0","42","10","30","3"
"ConsiderSelfOnly","0","2","15005","594193","546566","-1904","5","0","0","0","0","41","6","24","4","15"
"CondiserEnemyPosition","0","2","15009","111025","88102","2040","4","0","0","0","0","47","13","34","3"
"ConsiderSelfOnly","0","2","15009","719689","647971","-1918","5","0","0","0","0","39","16","9","9","10"
"CondiserEnemyPosition","0","2","15003","29269","22860","1994","4","0","0","0","0","54","4","24","2"
"ConsiderSelfOnly","0","2","15013","85309","74258","-1880","4","0","0","0","0","40","17","13","6"
"CondiserEnemyPosition","0","2","15007","47773","37984","2032","4","0","0","0","0","47","6","27","3"
"ConsiderSelfOnly","0","2","15003","114011","100441","-1866","4","0","0","0","0","37","18","18","7"
"CondiserEnemyPosition","0","2","15003","69130","53874","2048","4","0","0","0","0","41","11","29","3"
"ConsiderSelfOnly","0","2","15001","78680","69080","-1896","4","0","0","0","0","37","14","14","7"
"CondiserEnemyPosition","0","2","15010","46635","37454","2020","4","0","0","0","0","46","7","24","3"
"ConsiderSelfOnly","0","2","15001","109490","96761","-1866","4","0","0","0","0","37","18","16","7"
"CondiserEnemyPosition","0","2","15006","56078","44834","2048","4","0","0","0","0","41","8","29","3"
"ConsiderSelfOnly","0","2","15005","739464","679445","-1896","5","0","0","0","0","39","10","16","6","14"
"CondiserEnemyPosition","0","2","15013","62990","49434","2032","4","0","0","0","0","47","8","31","2"
"ConsiderSelfOnly","0","2","15005","107767","94463","-1866","4","0","0","0","0","37","18","17","7"
"CondiserEnemyPosition","0","2","15007","44428","35437","2048","4","0","0","0","0","41","7","27","3"
"ConsiderSelfOnly","0","2","15010","525119","482952","-1896","5","0","0","0","0","39","6","22","4","15"
"CondiserEnemyPosition","0","2","15009","59334","46799","2032","4","0","0","0","0","47","7","31","3"
"ConsiderSelfOnly","0","2","15009","112770","98937","-1866","4","0","0","0","0","37","18","18","7"
"CondiserEnemyPosition","0","2","15004","82248","63693","2048","4","0","0","0","0","41","13","31","3"
"ConsiderSelfOnly","0","2","15003","74405","64857","-1896","4","0","0","0","0","37","14","15","7"
"CondiserEnemyPosition","0","2","15015","84551","68189","2020","4","0","0","0","0","45","14","22","3"
"ConsiderSelfOnly","0","2","15012","99165","86124","-1896","4","0","0","0","0","37","24","11","6"
"CondiserEnemyPosition","0","2","15009","115325","90784","2012","4","0","0","0","0","42","16","33","2"
"ConsiderSelfOnly","0","2","15012","102178","86543","-1850","4","0","0","0","0","38","17","20","5"
"CondiserEnemyPosition","0","2","15005","44736","36000","2016","4","0","0","0","0","43","6","30","3"
"ConsiderSelfOnly","0","2","15016","423097","383614","-1880","5","0","0","0","0","38","10","10","7","11"
"CondiserEnemyPosition","0","2","15009","99957","80284","1992","4","0","0","0","0","47","12","30","3"
"ConsiderSelfOnly","0","2","15006","566574","503382","-1886","5","0","0","0","0","38","18","8","7","9"
"CondiserEnemyPosition","0","2","15001","60606","48754","1964","4","0","0","0","0","52","7","27","2"
"ConsiderSelfOnly","0","2","15011","125087","107322","-1856","4","0","0","0","0","38","23","17","6"
"CondiserEnemyPosition","0","2","15016","487702","456128","2002","5","0","0","0","0","44","2","31","4","23"
"ConsiderSelfOnly","0","2","15007","75112","64615","-1850","4","0","0","0","0","38","14","15","5"
"CondiserEnemyPosition","0","2","15007","59942","47524","2026","4","0","0","0","0","43","8","30","3"
"ConsiderSelfOnly","0","2","15015","275264","248435","-1880","5","0","0","0","0","37","7","12","6","11"
"CondiserEnemyPosition","0","2","15010","72558","57903","2002","4","0","0","0","0","47","9","31","3"
"ConsiderSelfOnly","0","2","15015","144136","120284","-1842","4","0","0","0","0","37","24","23","5"
"CondiserEnemyPosition","0","2","15011","223470","172809","2016","4","0","0","0","0","44","30","36","3"
"ConsiderSelfOnly","0","2","15005","378556","346111","-1876","5","0","0","0","0","40","5","17","4","14"
"CondiserEnemyPosition","0","2","15008","48421","37641","1950","4","0","0","0","0","50","6","28","2"
"ConsiderSelfOnly","0","2","15003","56665","47328","-1822","4","0","0","0","0","40","9","20","4"
"CondiserEnemyPosition","0","2","15014","184098","141840","2002","4","0","0","0","0","43","25","36","2"
"ConsiderSelfOnly","0","2","15001","102250","89029","-1860","4","0","0","0","0","39","23","12","7"
"CondiserEnemyPosition","0","2","15014","60077","47381","1940","4","0","0","0","0","50","6","36","3"
"ConsiderSelfOnly","0","2","15015","396909","357657","-1876","5","0","0","0","0","39","10","13","5","11"
"CondiserEnemyPosition","0","2","15013","44783","34891","1930","4","0","0","0","0","51","5","31","2"
"ConsiderSelfOnly","0","2","15001","76601","63421","-1826","4","0","0","0","0","38","12","26","4"
"CondiserEnemyPosition","0","2","15003","112872","86397","1986","4","0","0","0","0","44","14","38","2"
"ConsiderSelfOnly","0","2","15007","119661","103373","-1816","4","0","0","0","0","40","21","15","6"
"CondiserEnemyPosition","0","2","15001","126182","97136","1996","4","0","0","0","0","46","14","39","2"
"ConsiderSelfOnly","0","2","15013","86767","72725","-1834","4","0","0","0","0","48","15","17","4"
"CondiserEnemyPosition","0","2","15001","44756","35703","1980","4","0","0","0","0","46","7","25","3"
"ConsiderSelfOnly","0","2","15009","60773","51312","-1860","4","0","0","0","0","40","10","17","5"
"CondiserEnemyPosition","0","2","15005","49127","39229","1964","4","0","0","0","0","46","8","24","3"
"ConsiderSelfOnly","0","2","15006","399638","360859","-1876","5","0","0","0","0","43","8","15","4","12"
"CondiserEnemyPosition","0","2","15007","48722","38386","1982","4","0","0","0","0","46","7","29","3"
"ConsiderSelfOnly","0","2","15005","560402","516147","-1902","5","0","0","0","0","44","7","20","4","16"
"CondiserEnemyPosition","0","2","15007","56817","44741","1978","4","0","0","0","0","50","7","27","3"
"ConsiderSelfOnly","0","2","15007","66377","56079","-1862","4","0","0","0","0","44","11","17","5"
"CondiserEnemyPosition","0","2","15011","124310","98351","2000","4","0","0","0","0","44","14","37","3"
"ConsiderSelfOnly","0","2","15013","96766","83629","-1856","4","0","0","0","0","42","18","14","6"
"CondiserEnemyPosition","0","2","15003","39488","31654","2002","4","0","0","0","0","40","5","30","3"
"ConsiderSelfOnly","0","2","15013","72427","63371","-1858","4","0","0","0","0","45","11","15","6"
"CondiserEnemyPosition","0","2","15010","104624","83172","2006","4","0","0","0","0","48","11","37","3"
"ConsiderSelfOnly","0","2","15011","50631","42517","-1858","4","0","0","0","0","46","7","21","4"
"CondiserEnemyPosition","0","2","15011","136803","108338","1992","4","0","0","0","0","45","14","40","3"
"ConsiderSelfOnly","0","2","15001","65857","56173","-1850","4","0","0","0","0","41","9","22","5"
"CondiserEnemyPosition","0","2","15011","98993","78537","2014","4","0","0","0","0","40","15","31","3"
"ConsiderSelfOnly","0","2","15013","52342","43852","-1880","4","0","0","0","0","41","7","25","4"
"CondiserEnemyPosition","0","2","15013","60246","48923","1992","4","0","0","0","0","43","7","31","3"
"ConsiderSelfOnly","0","2","15007","152545","131352","-1850","4","0","0","0","0","41","21","22","6"
"CondiserEnemyPosition","0","2","15001","34911","33755","2020","3","0","0","0","0","46","23","30"
"ConsiderSelfOnly","0","2","15001","612846","554787","-1892","5","0","0","0","0","40","11","15","6","11"
"CondiserEnemyPosition","0","2","15005","201846","168812","2004","4","0","0","0","0","46","19","33","4"
"ConsiderSelfOnly","0","2","15013","145505","131747","-1850","5","0","0","0","0","36","2","21","5","12"
"CondiserEnemyPosition","0","2","15005","152647","131436","1962","4","0","0","0","0","46","13","29","4"
"ConsiderSelfOnly","0","2","15004","237245","215701","-1840","5","0","0","0","0","34","4","19","4","14"
"CondiserEnemyPosition","0","2","15002","123432","101522","1894","4","0","0","0","0","48","11","35","3"
"ConsiderSelfOnly","0","2","15013","142672","120489","-1796","4","0","0","0","0","40","23","21","5"
"CondiserEnemyPosition","0","2","15015","108534","90263","1910","4","0","0","0","0","47","10","33","3"
"ConsiderSelfOnly","0","2","15009","258426","228133","-1812","4","0","0","0","0","41","36","18","7"
"CondiserEnemyPosition","0","2","15011","32575","25891","1884","4","0","0","0","0","50","3","39","2"
"ConsiderSelfOnly","0","2","15000","46047","39997","-1838","4","0","0","0","0","41","9","10","6"
"CondiserEnemyPosition","0","2","15016","37236","28633","1944","4","0","0","0","0","47","4","38","2"
"ConsiderSelfOnly","0","2","15004","440799","398477","-1864","5","0","0","0","0","39","7","15","7","11"
"CondiserEnemyPosition","0","2","15013","190758","150673","1994","4","0","0","0","0","49","18","41","3"
"ConsiderSelfOnly","0","2","15013","510051","462620","-1864","5","0","0","0","0","38","6","20","7","11"
"CondiserEnemyPosition","0","2","15015","255556","199455","1974","4","0","0","0","0","47","28","40","3"
"ConsiderSelfOnly","0","2","15015","217173","190537","-1844","4","0","0","0","0","41","22","26","7"
"CondiserEnemyPosition","0","2","15005","266663","218282","1972","4","0","0","0","0","47","24","40","3"
"ConsiderSelfOnly","0","2","15015","57424","50909","-1844","4","0","0","0","0","40","6","16","7"
"CondiserEnemyPosition","0","2","15012","78746","63002","1956","4","0","0","0","0","45","8","37","3"
"ConsiderSelfOnly","0","2","15001","78710","69429","-1904","4","0","0","0","0","38","20","10","7"
"CondiserEnemyPosition","0","2","15002","185629","146592","1966","4","0","0","0","0","50","17","42","3"
"ConsiderSelfOnly","0","2","15013","151747","131737","-1874","4","0","0","0","0","37","35","13","7"
"CondiserEnemyPosition","0","2","15009","108799","86997","1954","4","0","0","0","0","46","10","41","3"
"ConsiderSelfOnly","0","2","15002","242384","210556","-1838","4","0","0","0","0","41","32","21","6"
"CondiserEnemyPosition","0","2","15001","46883","37999","1938","4","0","0","0","0","56","4","32","2"
"ConsiderSelfOnly","0","2","15013","97522","82516","-1852","4","0","0","0","0","43","12","24","5"
"CondiserEnemyPosition","0","2","15003","97326","73683","1974","4","0","0","0","0","51","9","46","2"
"ConsiderSelfOnly","0","2","15007","420769","384703","-1892","5","0","0","0","0","42","6","17","5","13"
"CondiserEnemyPosition","0","2","15003","113314","87571","2002","4","0","0","0","0","47","12","40","2"
"ConsiderSelfOnly","0","2","15001","305704","276803","-1888","5","0","0","0","0","41","6","14","5","12"
"CondiserEnemyPosition","0","2","15015","99306","79588","1978","4","0","0","0","0","49","10","36","2"
"ConsiderSelfOnly","0","2","15015","166585","143065","-1854","4","0","0","0","0","41","18","29","6"
"CondiserEnemyPosition","0","2","15007","191166","152273","1994","4","0","0","0","0","45","21","38","3"
"ConsiderSelfOnly","0","2","15004","174950","145420","-1844","4","0","0","0","0","41","24","27","4"
"CondiserEnemyPosition","0","2","15001","176449","138199","2000","4","0","0","0","0","50","17","40","2"
"ConsiderSelfOnly","0","2","15011","59773","51257","-1888","4","0","0","0","0","42","9","18","6"
"CondiserEnemyPosition","0","2","15003","163687","129229","1984","4","0","0","0","0","54","15","40","2"
"ConsiderSelfOnly","0","2","15013","111785","95308","-1858","4","0","0","0","0","42","16","21","5"
"CondiserEnemyPosition","0","2","15007","101735","81795","2006","4","0","0","0","0","48","10","38","2"
"ConsiderSelfOnly","0","2","15009","506354","462473","-1904","5","0","0","0","0","41","11","10","6","13"
"CondiserEnemyPosition","0","2","15015","207904","160336","2002","4","0","0","0","0","49","21","42","2"
"ConsiderSelfOnly","0","2","15011","124990","110678","-1854","4","0","0","0","0","41","28","10","8"
"CondiserEnemyPosition","0","2","15006","412706","390549","1958","5","0","0","0","0","47","2","38","2","31"
"ConsiderSelfOnly","0","2","15016","129180","112929","-1864","4","0","0","0","0","37","34","10","7"
"CondiserEnemyPosition","0","2","15011","174627","131708","2028","4","0","0","0","0","49","21","37","2"
"ConsiderSelfOnly","0","2","15003","116683","102955","-1958","4","0","0","0","0","40","33","8","8"
"CondiserEnemyPosition","0","2","15015","147302","114847","2028","4","0","0","0","0","51","15","38","2"
"ConsiderSelfOnly","0","2","15002","206226","180900","-1884","4","0","0","0","0","36","34","19","7"
"CondiserEnemyPosition","0","2","15008","234279","180509","2028","4","0","0","0","0","50","26","38","2"
"ConsiderSelfOnly","0","2","15015","176064","151799","-1878","4","0","0","0","0","43","27","18","6"
"CondiserEnemyPosition","0","2","15009","58215","48373","2022","4","0","0","0","0","45","6","29","4"
"ConsiderSelfOnly","0","2","15000","470190","427891","-1924","5","0","0","0","0","40","10","10","6","12"
"CondiserEnemyPosition","0","2","15000","91964","72846","2018","4","0","0","0","0","46","10","36","2"
"ConsiderSelfOnly","0","2","15005","61195","51267","-1884","4","0","0","0","0","40","12","17","4"
"CondiserEnemyPosition","0","2","15001","146393","116108","2032","4","0","0","0","0","47","16","36","3"
"ConsiderSelfOnly","0","2","15003","668994","616687","-1914","5","0","0","0","0","44","9","17","4","15"
"CondiserEnemyPosition","0","2","15009","48704","40454","1996","4","0","0","0","0","48","5","27","3"
"ConsiderSelfOnly","0","2","15015","339197","309704","-1870","5","0","0","0","0","44","6","15","4","14"
"CondiserEnemyPosition","0","2","15004","197099","154586","2018","4","0","0","0","0","46","24","35","3"
"ConsiderSelfOnly","0","2","15005","210485","181950","-1846","4","0","0","0","0","44","30","18","6"
"CondiserEnemyPosition","0","2","15003","73393","58657","1986","4","0","0","0","0","45","11","27","3"
"ConsiderSelfOnly","0","2","15003","121045","104513","-1888","4","0","0","0","0","46","25","11","6"
"CondiserEnemyPosition","0","2","15011","71904","57358","1982","4","0","0","0","0","48","10","27","3"
"ConsiderSelfOnly","0","2","15007","174197","142939","-1858","4","0","0","0","0","48","25","22","4"
"CondiserEnemyPosition","0","2","15015","31753","25295","2010","4","0","0","0","0","43","6","20","3"
"ConsiderSelfOnly","0","2","15011","679417","624116","-1894","5","0","0","0","0","39","9","22","4","15"
"CondiserEnemyPosition","0","2","15016","43799","34115","1990","4","0","0","0","0","49","6","27","2"
"ConsiderSelfOnly","0","2","15013","195412","166909","-1864","4","0","0","0","0","39","28","23","5"
"CondiserEnemyPosition","0","2","15001","69049","53525","2022","4","0","0","0","0","44","9","34","2"
"ConsiderSelfOnly","0","2","15010","516809","471740","-1870","5","0","0","0","0","38","8","20","4","14"
"CondiserEnemyPosition","0","2","15008","183710","146879","2024","4","0","0","0","0","43","20","38","3"
"ConsiderSelfOnly","0","2","15003","181170","153371","-1850","4","0","0","0","0","39","25","26","5"
"CondiserEnemyPosition","0","2","15001","158533","123744","1996","4","0","0","0","0","48","17","38","3"
"ConsiderSelfOnly","0","2","15001","331611","304912","-1888","5","0","0","0","0","41","5","16","5","14"
"CondiserEnemyPosition","0","2","15004","47908","36980","1934","4","0","0","0","0","55","5","34","2"
"ConsiderSelfOnly","0","2","15013","79341","67383","-1850","4","0","0","0","0","41","12","21","5"
"CondiserEnemyPosition","0","2","15011","265809","211945","1970","4","0","0","0","0","50","23","43","3"
"ConsiderSelfOnly","0","2","15007","91049","77161","-1844","4","0","0","0","0","38","15","21","5"
"CondiserEnemyPosition","0","2","15005","90108","69162","1984","4","0","0","0","0","43","12","37","2"
"ConsiderSelfOnly","0","2","15005","420779","378620","-1856","5","0","0","0","0","35","10","14","5","11"
"CondiserEnemyPosition","0","2","15013","85456","68818","1952","4","0","0","0","0","46","11","29","3"
"ConsiderSelfOnly","0","2","15007","117413","99054","-1846","4","0","0","0","0","39","17","25","5"
"CondiserEnemyPosition","0","2","15001","113020","86864","1978","4","0","0","0","0","43","15","35","2"
"ConsiderSelfOnly","0","2","15005","601695","550170","-1876","5","0","0","0","0","40","7","19","5","13"
"CondiserEnemyPosition","0","2","15015","77321","63075","1950","4","0","0","0","0","48","9","28","3"
"ConsiderSelfOnly","0","2","15001","98892","86521","-1846","4","0","0","0","0","39","13","20","6"
"CondiserEnemyPosition","0","2","15006","103421","78903","1978","4","0","0","0","0","43","14","37","2"
"ConsiderSelfOnly","0","2","15011","65895","57172","-1886","4","0","0","0","0","40","12","14","6"
"CondiserEnemyPosition","0","2","15013","27730","21467","1960","4","0","0","0","0","50","3","35","2"
"ConsiderSelfOnly","0","2","15011","215276","181109","-1846","4","0","0","0","0","41","29","26","5"
"CondiserEnemyPosition","0","2","15002","132189","101421","1984","4","0","0","0","0","51","12","44","2"
"ConsiderSelfOnly","0","2","15002","117173","100114","-1858","4","0","0","0","0","39","19","20","5"
"CondiserEnemyPosition","0","2","15003","289611","226979","2022","4","0","0","0","0","49","30","39","3"
"ConsiderSelfOnly","0","2","15014","57236","47733","-1858","4","0","0","0","0","42","8","23","4"
"CondiserEnemyPosition","0","2","15010","160800","122284","2008","4","0","0","0","0","42","23","37","2"
"ConsiderSelfOnly","0","2","15012","75582","63774","-1862","4","0","0","0","0","42","11","20","4"
"CondiserEnemyPosition","0","2","15015","80187","62872","1996","4","0","0","0","0","44","10","33","2"
"ConsiderSelfOnly","0","2","15006","69545","57858","-1858","4","0","0","0","0","41","10","24","4"
"CondiserEnemyPosition","0","2","15001","55470","41211","2024","4","0","0","0","0","40","11","29","2"
"ConsiderSelfOnly","0","2","15009","166000","151257","-1884","5","0","0","0","0","36","3","17","4","14"
"CondiserEnemyPosition","0","2","15012","42191","32719","1982","4","0","0","0","0","44","7","27","2"
"ConsiderSelfOnly","0","2","15015","76487","66698","-1850","4","0","0","0","0","37","11","19","6"
"CondiserEnemyPosition","0","2","15013","50977","37911","2026","4","0","0","0","0","38","9","32","2"
"ConsiderSelfOnly","0","2","15009","386047","354783","-1886","5","0","0","0","0","37","5","22","4","15"
"CondiserEnemyPosition","0","2","15008","74684","56399","2010","4","0","0","0","0","44","10","36","2"
"ConsiderSelfOnly","0","2","15014","93033","79877","-1856","4","0","0","0","0","35","14","23","5"
"CondiserEnemyPosition","0","2","15015","55560","43128","2026","4","0","0","0","0","38","10","28","2"
"ConsiderSelfOnly","0","2","15006","484195","437999","-1886","5","0","0","0","0","36","9","14","6","11"
"CondiserEnemyPosition","0","2","15011","35899","28141","1998","4","0","0","0","0","43","5","28","2"
"ConsiderSelfOnly","0","2","15001","172995","148718","-1856","4","0","0","0","0","34","26","24","6"
"CondiserEnemyPosition","0","2","15009","39716","29375","2040","4","0","0","0","0","39","8","28","2"
"ConsiderSelfOnly","0","2","15010","269721","245078","-1886","5","0","0","0","0","35","6","16","4","13"
"CondiserEnemyPosition","0","2","15001","42065","34287","2008","4","0","0","0","0","38","6","28","3"
"ConsiderSelfOnly","0","2","15005","106498","90349","-1856","4","0","0","0","0","35","16","25","5"
"CondiserEnemyPosition","0","2","15007","35044","26687","2026","4","0","0","0","0","38","7","27","2"
"ConsiderSelfOnly","0","2","15008","624706","569965","-1886","5","0","0","0","0","37","10","17","6","12"
"CondiserEnemyPosition","0","2","15003","63447","48854","2010","4","0","0","0","0","44","8","34","2"
"ConsiderSelfOnly","0","2","15004","125576","108141","-1856","4","0","0","0","0","35","19","23","6"
"CondiserEnemyPosition","0","2","15013","53153","40673","2026","4","0","0","0","0","38","10","28","2"
"ConsiderSelfOnly","0","2","15015","338132","303831","-1886","5","0","0","0","0","36","7","13","6","11"
"CondiserEnemyPosition","0","2","15016","45595","35543","1998","4","0","0","0","0","42","7","29","2"
"ConsiderSelfOnly","0","2","15012","245832","214755","-1856","4","0","0","0","0","37","31","24","7"
"CondiserEnemyPosition","0","2","15012","86872","66505","1992","4","0","0","0","0","45","12","34","2"
"ConsiderSelfOnly","0","2","15011","190174","167646","-1880","4","0","0","0","0","38","38","13","8"
"CondiserEnemyPosition","0","2","15003","102139","80092","2016","4","0","0","0","0","47","11","39","2"
"ConsiderSelfOnly","0","2","15000","105333","87920","-1878","4","0","0","0","0","40","17","22","4"
"CondiserEnemyPosition","0","2","15003","60848","48584","2020","4","0","0","0","0","45","9","26","3"
"ConsiderSelfOnly","0","2","15007","430469","382652","-1908","5","0","0","0","0","39","11","12","6","9"
"CondiserEnemyPosition","0","2","15005","98607","79849","1990","4","0","0","0","0","50","9","36","3"
"ConsiderSelfOnly","0","2","15013","212278","190255","-1908","5","0","0","0","0","40","4","16","4","11"
"CondiserEnemyPosition","0","2","15013","68382","55749","2002","4","0","0","0","0","47","8","27","3"
"ConsiderSelfOnly","0","2","15005","317512","286232","-1880","5","0","0","0","0","42","4","21","4","13"
"CondiserEnemyPosition","0","2","15009","464884","431749","2004","5","0","0","0","0","44","3","32","3","21"
"ConsiderSelfOnly","0","2","15006","164703","141259","-1856","4","0","0","0","0","37","25","22","5"
"CondiserEnemyPosition","0","2","15015","89343","70135","1998","4","0","0","0","0","45","11","35","2"
"ConsiderSelfOnly","0","2","15001","64066","54707","-1894","4","0","0","0","0","42","10","19","5"
"CondiserEnemyPosition","0","2","15002","168215","131878","1988","4","0","0","0","0","50","17","39","2"
"ConsiderSelfOnly","0","2","15003","118082","102080","-1864","4","0","0","0","0","41","16","21","6"
"CondiserEnemyPosition","0","2","15011","395720","370831","1970","5","0","0","0","0","50","2","32","2","27"
"ConsiderSelfOnly","0","2","15010","191145","165883","-1866","4","0","0","0","0","41","26","21","6"
"CondiserEnemyPosition","0","2","15012","231561","186908","2026","4","0","0","0","0","49","21","39","3"
"ConsiderSelfOnly","0","2","15006","39931","34434","-1878","4","0","0","0","0","42","5","20","5"
"CondiserEnemyPosition","0","2","15003","178880","137323","2046","4","0","0","0","0","46","21","40","2"
"ConsiderSelfOnly","0","2","15001","245222","223484","-1868","5","0","0","0","0","40","3","22","4","13"
"CondiserEnemyPosition","0","2","15008","58823","45494","2030","4","0","0","0","0","45","7","35","2"
"ConsiderSelfOnly","0","2","15001","67082","57077","-1898","4","0","0","0","0","37","12","19","5"
"CondiserEnemyPosition","0","2","15013","72796","57097","2024","4","0","0","0","0","50","7","37","2"
"ConsiderSelfOnly","0","2","15013","101812","89026","-1868","4","0","0","0","0","36","18","16","7"
"CondiserEnemyPosition","0","2","15015","102521","79236","2030","4","0","0","0","0","45","13","36","2"
"ConsiderSelfOnly","0","2","15011","65983","55124","-1878","4","0","0","0","0","39","12","19","4"
"CondiserEnemyPosition","0","2","15011","41597","32884","2010","4","0","0","0","0","48","5","30","2"
"ConsiderSelfOnly","0","2","15013","264557","242420","-1902","5","0","0","0","0","40","4","17","5","14"
"CondiserEnemyPosition","0","2","15014","90336","68710","2022","4","0","0","0","0","48","10","38","2"
"ConsiderSelfOnly","0","2","15011","624267","577673","-1908","5","0","0","0","0","40","7","25","4","16"
"CondiserEnemyPosition","0","2","15003","45137","37266","2006","4","0","0","0","0","51","4","32","2"
"ConsiderSelfOnly","0","2","15008","31440","27312","-1878","4","0","0","0","0","39","5","13","6"
"CondiserEnemyPosition","0","2","15004","220100","169357","2022","4","0","0","0","0","48","24","41","3"
"ConsiderSelfOnly","0","2","15007","68454","59024","-1864","4","0","0","0","0","38","13","16","6"
"CondiserEnemyPosition","0","2","15007","271824","216474","2018","4","0","0","0","0","47","27","41","3"
"ConsiderSelfOnly","0","2","15015","81955","66866","-1866","4","0","0","0","0","41","15","21","4"
"CondiserEnemyPosition","0","2","15015","216827","170411","2030","4","0","0","0","0","46","23","41","3"
"ConsiderSelfOnly","0","2","15004","223566","202710","-1898","5","0","0","0","0","38","5","14","4","13"
"CondiserEnemyPosition","0","2","15015","117673","96750","1994","4","0","0","0","0","49","11","35","3"
"ConsiderSelfOnly","0","2","15003","86276","73693","-1858","4","0","0","0","0","38","13","22","5"
"CondiserEnemyPosition","0","2","15012","107768","83797","2010","4","0","0","0","0","47","10","45","2"
"ConsiderSelfOnly","0","2","15013","40600","34359","-1888","4","0","0","0","0","39","7","17","5"
"CondiserEnemyPosition","0","2","15010","287716","230727","2010","4","0","0","0","0","47","26","42","3"
"ConsiderSelfOnly","0","2","15007","108554","94741","-1858","4","0","0","0","0","39","13","23","6"
"CondiserEnemyPosition","0","2","15007","246892","200497","2010","4","0","0","0","0","47","24","37","3"
"ConsiderSelfOnly","0","2","15006","33874","28347","-1844","4","0","0","0","0","41","5","21","4"
"CondiserEnemyPosition","0","2","15007","294949","274645","1950","5","0","0","0","0","49","2","28","2","25"
"ConsiderSelfOnly","0","2","15005","139628","123963","-1832","4","0","0","0","0","36","35","10","8"
"CondiserEnemyPosition","0","2","15006","81571","61450","1998","4","0","0","0","0","51","9","40","2"
"ConsiderSelfOnly","0","2","15002","36496","31518","-1882","4","0","0","0","0","37","9","11","6"
"CondiserEnemyPosition","0","2","15015","48054","39567","1978","4","0","0","0","0","52","5","26","2"
"ConsiderSelfOnly","0","2","15004","149397","133609","-1936","4","0","0","0","0","38","33","9","9"
"CondiserEnemyPosition","0","2","15006","41122","32323","1994","4","0","0","0","0","51","4","33","2"
"ConsiderSelfOnly","0","2","15011","135052","118988","-1892","4","0","0","0","0","37","31","11","8"
"CondiserEnemyPosition","0","2","15005","195421","152688","2024","4","0","0","0","0","50","21","38","3"
"ConsiderSelfOnly","0","2","15003","445361","402486","-1912","5","0","0","0","0","43","6","19","5","12"
"CondiserEnemyPosition","0","2","15005","97923","77209","1960","4","0","0","0","0","63","8","37","2"
"ConsiderSelfOnly","0","2","15007","499097","445605","-1898","5","0","0","0","0","44","9","14","6","9"
"CondiserEnemyPosition","0","2","15015","72236","55276","1952","4","0","0","0","0","63","6","39","2"
"ConsiderSelfOnly","0","2","15001","322423","290813","-1848","5","0","0","0","0","37","5","20","5","11"
"CondiserEnemyPosition","0","2","15011","128608","96553","1980","4","0","0","0","0","51","13","44","2"
"ConsiderSelfOnly","0","2","15003","111621","97510","-1872","4","0","0","0","0","37","20","17","7"
"CondiserEnemyPosition","0","2","15013","140969","106735","1980","4","0","0","0","0","52","13","46","2"
"ConsiderSelfOnly","0","2","15013","145699","128291","-1836","4","0","0","0","0","35","35","11","7"
"CondiserEnemyPosition","0","2","15012","84056","63950","1980","4","0","0","0","0","50","10","36","2"
"ConsiderSelfOnly","0","2","15010","103826","91365","-1908","4","0","0","0","0","40","25","9","7"
"CondiserEnemyPosition","0","2","15005","56129","44966","1986","4","0","0","0","0","50","7","28","3"
"ConsiderSelfOnly","0","2","15008","217301","199785","-1922","4","0","0","0","0","38","47","7","13"
"CondiserEnemyPosition","0","2","15003","78203","63185","1964","4","0","0","0","0","56","7","30","3"
"ConsiderSelfOnly","0","2","15005","51919","44309","-1922","4","0","0","0","0","37","11","15","5"
"CondiserEnemyPosition","0","2","15003","52225","41679","1982","4","0","0","0","0","48","6","32","3"
"ConsiderSelfOnly","0","2","15003","172187","149054","-1872","4","0","0","0","0","43","32","14","6"
"CondiserEnemyPosition","0","2","15001","209173","163522","2024","4","0","0","0","0","50","22","39","3"
"ConsiderSelfOnly","0","2","15010","63000","53813","-1912","4","0","0","0","0","43","7","23","5"
"CondiserEnemyPosition","0","2","15003","116802","90752","1960","4","0","0","0","0","63","9","40","2"
"ConsiderSelfOnly","0","2","15002","109051","95738","-1838","4","0","0","0","0","39","27","10","7"
"CondiserEnemyPosition","0","2","15003","252968","192120","2022","4","0","0","0","0","50","27","43","2"
"ConsiderSelfOnly","0","2","15012","48640","41108","-1876","4","0","0","0","0","41","8","17","5"
"CondiserEnemyPosition","0","2","15003","61975","47956","1992","4","0","0","0","0","53","6","38","2"
"ConsiderSelfOnly","0","2","15011","54934","47700","-1890","4","0","0","0","0","41","10","13","6"
"CondiserEnemyPosition","0","2","15015","71503","55196","1964","4","0","0","0","0","57","6","41","2"
"ConsiderSelfOnly","0","2","15007","83696","71860","-1852","4","0","0","0","0","38","17","16","6"
"CondiserEnemyPosition","0","2","15015","84994","65385","1982","4","0","0","0","0","53","9","36","2"
"ConsiderSelfOnly","0","2","15007","60564","51649","-1876","4","0","0","0","0","43","12","14","5"
"CondiserEnemyPosition","0","2","15011","123698","96502","1962","4","0","0","0","0","53","13","34","2"
"ConsiderSelfOnly","0","2","15011","173667","147647","-1832","4","0","0","0","0","43","29","18","5"
"CondiserEnemyPosition","0","2","15005","199799","150106","1972","4","0","0","0","0","52","24","37","2"
"ConsiderSelfOnly","0","2","15013","111791","100276","-1868","4","0","0","0","0","39","29","7","10"
"CondiserEnemyPosition","0","2","15009","55398","44394","1938","4","0","0","0","0","57","5","32","3"
"ConsiderSelfOnly","0","2","15012","200358","177882","-1850","4","0","0","0","0","40","36","13","8"
"CondiserEnemyPosition","0","2","15015","113568","85926","1982","4","0","0","0","0","56","12","35","2"
"ConsiderSelfOnly","0","2","15011","179102","153453","-1872","4","0","0","0","0","41","33","16","6"
"CondiserEnemyPosition","0","2","15013","133795","103409","2010","4","0","0","0","0","47","17","34","2"
"ConsiderSelfOnly","0","2","15003","107805","93503","-1892","4","0","0","0","0","42","16","16","6"
"CondiserEnemyPosition","0","2","15005","74668","56096","1944","4","0","0","0","0","57","9","31","2"
"ConsiderSelfOnly","0","2","15005","98916","83154","-1866","4","0","0","0","0","40","17","19","5"
"CondiserEnemyPosition","0","2","15009","40672","32137","1998","4","0","0","0","0","46","6","25","3"
"ConsiderSelfOnly","0","2","15003","423732","386781","-1896","5","0","0","0","0","40","6","24","3","14"
"CondiserEnemyPosition","0","2","15004","81931","62337","1990","4","0","0","0","0","49","12","30","2"
"ConsiderSelfOnly","0","2","15015","148239","124635","-1866","4","0","0","0","0","39","25","21","5"
"CondiserEnemyPosition","0","2","15007","99940","75781","2010","4","0","0","0","0","45","13","36","2"
"ConsiderSelfOnly","0","2","15011","287969","263488","-1902","5","0","0","0","0","37","5","18","4","14"
"CondiserEnemyPosition","0","2","15007","36533","28381","1968","4","0","0","0","0","48","5","28","2"
"ConsiderSelfOnly","0","2","15011","76165","65101","-1858","4","0","0","0","0","36","10","24","5"
"CondiserEnemyPosition","0","2","15013","67097","51226","2010","4","0","0","0","0","45","10","32","2"
"ConsiderSelfOnly","0","2","15001","601028","546982","-1888","5","0","0","0","0","37","9","20","5","12"
"CondiserEnemyPosition","0","2","15015","41410","32157","1982","4","0","0","0","0","45","6","28","2"
"ConsiderSelfOnly","0","2","15013","125445","109057","-1866","4","0","0","0","0","37","23","17","6"
"CondiserEnemyPosition","0","2","15009","44325","33212","1978","4","0","0","0","0","46","7","29","2"
"ConsiderSelfOnly","0","2","15012","158475","141232","-1852","4","0","0","0","0","37","22","18","8"
"CondiserEnemyPosition","0","2","15006","64014","46767","2012","4","0","0","0","0","41","11","34","2"
"ConsiderSelfOnly","0","2","15012","124963","110476","-1898","4","0","0","0","0","36","22","16","7"
"CondiserEnemyPosition","0","2","15014","51222","39007","1992","4","0","0","0","0","44","8","31","2"
"ConsiderSelfOnly","0","2","15007","67527","59025","-1928","4","0","0","0","0","37","14","14","7"
"CondiserEnemyPosition","0","2","15003","44512","33235","1968","4","0","0","0","0","51","5","35","2"
"ConsiderSelfOnly","0","2","15013","102042","91126","-1888","4","0","0","0","0","37","18","13","9"
"CondiserEnemyPosition","0","3","15005","313974","294692","1936","5","0","0","0","0","41","3","25","2","24"
"ConsiderSelfOnly","0","3","15015","342954","312169","-2626","5","0","0","0","0","34","6","19","4","13"
"CondiserEnemyPosition","0","3","15013","66472","51780","2678","4","0","0","0","0","39","13","25","3"
"ConsiderSelfOnly","0","3","15007","65721","55452","-2612","4","0","0","0","0","33","14","18","5"
"CondiserEnemyPosition","0","3","15003","108586","86255","2722","4","0","0","0","0","40","14","34","3"
"ConsiderSelfOnly","0","3","15015","65520","53279","-2596","4","0","0","0","0","32","14","23","3"
"CondiserEnemyPosition","0","3","15001","121320","93113","2724","4","0","0","0","0","38","20","34","2"
"ConsiderSelfOnly","0","3","15007","130747","108621","-2588","4","0","0","0","0","29","29","23","4"
"CondiserEnemyPosition","0","3","15003","124347","98223","2670","4","0","0","0","0","43","16","34","2"
"ConsiderSelfOnly","0","3","15000","189196","164925","-2576","4","0","0","0","0","36","24","25","6"
"CondiserEnemyPosition","0","3","15006","130187","102721","2680","4","0","0","0","0","43","17","33","3"
"ConsiderSelfOnly","0","3","15003","121574","103887","-2600","4","0","0","0","0","37","26","16","5"
"CondiserEnemyPosition","0","3","15009","164662","128262","2684","4","0","0","0","0","45","20","37","2"
"ConsiderSelfOnly","0","3","15015","175892","149269","-2600","4","0","0","0","0","37","24","27","5"
"CondiserEnemyPosition","0","3","15001","90524","69495","2756","4","0","0","0","0","37","15","34","2"
"ConsiderSelfOnly","0","3","15011","94227","76777","-2612","4","0","0","0","0","31","21","23","4"
"CondiserEnemyPosition","0","3","15015","93033","69615","2776","4","0","0","0","0","39","14","38","2"
"ConsiderSelfOnly","0","3","15014","333945","300390","-2640","5","0","0","0","0","35","7","19","4","11"
"CondiserEnemyPosition","0","3","15011","152937","124338","2764","4","0","0","0","0","37","23","30","3"
"ConsiderSelfOnly","0","3","15014","468501","420850","-2612","5","0","0","0","0","33","12","16","5","11"
"CondiserEnemyPosition","0","3","15004","75477","58733","2698","4","0","0","0","0","38","11","35","2"
"ConsiderSelfOnly","0","3","15008","70240","58070","-2598","4","0","0","0","0","32","15","22","4"
"CondiserEnemyPosition","0","3","15009","148818","117228","2718","4","0","0","0","0","38","22","34","3"
"ConsiderSelfOnly","0","3","15013","103889","86270","-2588","4","0","0","0","0","29","24","22","4"
"CondiserEnemyPosition","0","3","15011","133961","108316","2664","4","0","0","0","0","40","17","33","3"
"ConsiderSelfOnly","0","3","15015","33883","28642","-2600","4","0","0","0","0","37","4","19","3"
"CondiserEnemyPosition","0","3","15006","94293","77633","2662","4","0","0","0","0","45","10","31","3"
"ConsiderSelfOnly","0","3","15009","49776","41075","-2620","4","0","0","0","0","32","12","19","4"
"CondiserEnemyPosition","0","3","15011","44092","33641","2684","4","0","0","0","0","46","5","36","2"
"ConsiderSelfOnly","0","3","15003","111270","89957","-2608","4","0","0","0","0","36","19","26","3"
"CondiserEnemyPosition","0","3","15009","95268","72875","2704","4","0","0","0","0","45","12","37","2"
"ConsiderSelfOnly","0","3","15005","66639","57627","-2632","4","0","0","0","0","42","12","13","5"
"CondiserEnemyPosition","0","3","15005","74656","60598","2772","4","0","0","0","0","44","9","29","3"
"ConsiderSelfOnly","0","3","15015","151278","138132","-2692","5","0","0","0","0","38","3","15","3","15"
"CondiserEnemyPosition","0","3","15007","92587","73196","2770","4","0","0","0","0","44","12","32","3"
"ConsiderSelfOnly","0","3","15007","89490","74441","-2634","4","0","0","0","0","34","16","24","4"
"CondiserEnemyPosition","0","3","15001","84627","66444","2736","4","0","0","0","0","43","11","35","3"
"ConsiderSelfOnly","0","3","15011","63388","53672","-2620","4","0","0","0","0","35","11","20","4"
"CondiserEnemyPosition","0","3","15011","89764","67726","2784","4","0","0","0","0","41","14","35","2"
"ConsiderSelfOnly","0","3","15007","451634","403327","-2664","5","0","0","0","0","31","10","16","6","9"
"CondiserEnemyPosition","0","3","15005","414137","389625","2742","5","0","0","0","0","46","3","32","2","26"
"ConsiderSelfOnly","0","3","15015","222525","197208","-2628","4","0","0","0","0","30","37","20","8"
"CondiserEnemyPosition","0","3","15003","312447","292821","2798","5","0","0","0","0","42","2","35","3","24"
"ConsiderSelfOnly","0","3","15011","73949","65312","-2668","4","0","0","0","0","34","19","10","8"
"CondiserEnemyPosition","0","3","15015","128989","96493","2812","4","0","0","0","0","47","14","44","2"
"ConsiderSelfOnly","0","3","15009","61005","50912","-2688","4","0","0","0","0","37","14","17","4"
"CondiserEnemyPosition","0","3","15004","124363","94982","2846","4","0","0","0","0","49","15","35","2"
"ConsiderSelfOnly","0","3","15013","438231","388515","-2718","5","0","0","0","0","36","9","15","7","9"
"CondiserEnemyPosition","0","3","15015","112781","87305","2838","4","0","0","0","0","49","12","38","2"
"ConsiderSelfOnly","0","3","15009","582662","522851","-2688","5","0","0","0","0","37","10","20","6","10"
"CondiserEnemyPosition","0","3","15007","194653","146118","2822","4","0","0","0","0","49","22","41","2"
"ConsiderSelfOnly","0","3","15003","89859","79059","-2672","4","0","0","0","0","39","13","17","7"
"CondiserEnemyPosition","0","3","15009","71918","54718","2806","4","0","0","0","0","48","9","37","2"
"ConsiderSelfOnly","0","3","15003","519348","469506","-2702","5","0","0","0","0","36","7","21","7","11"
"CondiserEnemyPosition","0","3","15011","115080","85764","2800","4","0","0","0","0","53","12","40","2"
"ConsiderSelfOnly","0","3","15015","161355","139656","-2672","4","0","0","0","0","35","29","19","6"
"CondiserEnemyPosition","0","3","15011","102771","78135","2806","4","0","0","0","0","48","12","38","2"
"ConsiderSelfOnly","0","3","15015","137459","119661","-2676","4","0","0","0","0","38","28","13","7"
"CondiserEnemyPosition","0","3","15003","107815","83455","2830","4","0","0","0","0","51","11","40","2"
"ConsiderSelfOnly","0","3","15005","290276","259863","-2716","5","0","0","0","0","37","6","15","6","10"
"CondiserEnemyPosition","0","3","15007","52017","39744","2808","4","0","0","0","0","53","5","36","2"
"ConsiderSelfOnly","0","3","15005","465115","416008","-2696","5","0","0","0","0","37","9","16","6","10"
"CondiserEnemyPosition","0","3","15014","186031","140755","2830","4","0","0","0","0","51","19","42","2"
"ConsiderSelfOnly","0","3","15015","91822","78448","-2672","4","0","0","0","0","38","13","22","5"
"CondiserEnemyPosition","0","3","15010","135833","104293","2818","4","0","0","0","0","50","15","37","2"
"ConsiderSelfOnly","0","3","15003","479895","430378","-2702","5","0","0","0","0","35","7","23","5","10"
"CondiserEnemyPosition","0","3","15011","107690","82070","2820","4","0","0","0","0","46","13","38","2"
"ConsiderSelfOnly","0","3","15007","153432","134761","-2672","4","0","0","0","0","37","26","16","7"
"CondiserEnemyPosition","0","3","15007","87259","66646","2822","4","0","0","0","0","50","10","38","2"
"ConsiderSelfOnly","0","3","15008","118821","107226","-2708","4","0","0","0","0","35","29","9","10"
"CondiserEnemyPosition","0","3","15007","30232","23217","2792","4","0","0","0","0","52","4","30","2"
"ConsiderSelfOnly","0","3","15003","560622","504200","-2738","5","0","0","0","0","35","10","17","6","10"
"CondiserEnemyPosition","0","3","15007","86772","64043","2798","4","0","0","0","0","54","9","42","2"
"ConsiderSelfOnly","0","3","15001","179122","159719","-2678","4","0","0","0","0","36","31","14","8"
"CondiserEnemyPosition","0","3","15006","72231","54071","2774","4","0","0","0","0","56","7","42","2"
"ConsiderSelfOnly","0","3","15005","188195","171184","-2690","4","0","0","0","0","39","40","8","11"
"CondiserEnemyPosition","0","3","15011","22026","15904","2724","4","0","0","0","0","62","2","38","1"
"ConsiderSelfOnly","0","3","15007","194204","176842","-2690","4","0","0","0","0","41","29","11","11"
"CondiserEnemyPosition","0","3","15013","104849","78354","2804","4","0","0","0","0","57","10","43","2"
"ConsiderSelfOnly","0","3","15004","285873","257347","-2704","4","0","0","0","0","43","45","12","9"
"CondiserEnemyPosition","0","3","15012","197657","149089","2818","4","0","0","0","0","56","19","43","2"
"ConsiderSelfOnly","0","3","15003","307581","285371","-2734","4","0","0","0","0","42","52","7","14"
"CondiserEnemyPosition","0","3","15013","120330","91552","2778","4","0","0","0","0","62","11","37","2"
"ConsiderSelfOnly","0","3","15014","285925","266288","-2802","4","0","0","0","0","42","39","8","16"
"CondiserEnemyPosition","0","4","15001","46022","34752","2728","4","0","0","0","0","72","4","34","2"
"ConsiderSelfOnly","0","4","15015","322494","289885","-3498","5","0","0","0","0","41","6","15","5","11"
"CondiserEnemyPosition","0","4","15008","79791","61129","3470","4","0","0","0","0","67","6","41","2"
"ConsiderSelfOnly","0","4","15014","479719","428961","-3478","5","0","0","0","0","43","7","20","5","10"
"CondiserEnemyPosition","0","4","15003","100126","78956","3492","4","0","0","0","0","64","9","32","2"
"ConsiderSelfOnly","0","4","15003","96277","81590","-3466","4","0","0","0","0","48","12","21","5"
"CondiserEnemyPosition","0","4","15015","120363","99941","3504","4","0","0","0","0","58","12","26","3"
"ConsiderSelfOnly","0","4","15003","19269","18003","-3452","3","0","0","0","0","44","26","13"
"CondiserEnemyPosition","0","4","15005","152467","119440","3546","4","0","0","0","0","55","13","40","2"
"ConsiderSelfOnly","0","4","15011","181244","165413","-3496","4","0","0","0","0","39","18","18","11"
"CondiserEnemyPosition","0","4","15010","215782","167562","3556","4","0","0","0","0","56","18","44","2"
"ConsiderSelfOnly","0","4","15012","247358","225117","-3514","4","0","0","0","0","45","51","7","11"
"CondiserEnemyPosition","0","4","15005","54392","41860","3526","4","0","0","0","0","57","6","29","2"
"ConsiderSelfOnly","0","4","15013","358201","326446","-3476","4","0","0","0","0","44","42","14","10"
"CondiserEnemyPosition","0","4","15011","63705","50472","3560","4","0","0","0","0","55","8","27","2"
"ConsiderSelfOnly","0","4","15015","34082","31991","-3478","3","0","0","0","0","50","39","14"
"CondiserEnemyPosition","0","4","15011","152285","117365","3598","4","0","0","0","0","60","14","38","2"
"ConsiderSelfOnly","0","4","15001","287812","258958","-3512","4","0","0","0","0","55","40","10","9"
"CondiserEnemyPosition","0","4","15001","52957","51046","3610","3","0","0","0","0","67","26","28"
"ConsiderSelfOnly","0","4","15002","12778","11602","-3518","3","0","0","0","0","54","19","8"
"CondiserEnemyPosition","0","4","15008","228393","173232","3614","4","0","0","0","0","64","19","41","2"
"ConsiderSelfOnly","0","4","15015","138304","121016","-3542","4","0","0","0","0","53","8","31","6"
"CondiserEnemyPosition","0","4","15003","216878","166468","3608","4","0","0","0","0","70","15","42","2"
"ConsiderSelfOnly","0","4","15000","136406","124165","-3540","4","0","0","0","0","54","18","7","13"
"CondiserEnemyPosition","0","4","15010","193465","142453","3586","4","0","0","0","0","74","14","46","2"
"ConsiderSelfOnly","0","4","15013","145716","132516","-3520","4","0","0","0","0","51","14","12","10"
"CondiserEnemyPosition","0","4","15001","117002","88963","3616","4","0","0","0","0","67","11","34","2"
"ConsiderSelfOnly","0","4","15002","202073","185973","-3556","4","0","0","0","0","49","36","6","14"
"CondiserEnemyPosition","0","4","15015","219667","167503","3628","4","0","0","0","0","63","18","41","2"
"ConsiderSelfOnly","0","4","15005","43081","39723","-3556","3","0","0","0","0","46","71","11"
"CondiserEnemyPosition","0","5","15005","32233","24426","3542","4","0","0","0","0","73","2","38","1"
"ConsiderSelfOnly","0","5","15015","97535","88040","-4314","4","0","0","0","0","49","14","10","9"
"CondiserEnemyPosition","0","5","15015","38007","30090","4270","4","0","0","0","0","69","5","19","2"
"ConsiderSelfOnly","0","5","15009","84108","75793","-4300","4","0","0","0","0","46","15","9","9"
"CondiserEnemyPosition","0","5","15010","118284","103466","4354","5","0","0","0","0","65","1","4","9","11"
"ConsiderSelfOnly","0","5","15010","27182","24572","-4306","3","0","0","0","0","42","60","8"
"CondiserEnemyPosition","0","5","15007","34736","30959","4362","4","0","0","0","0","63","4","9","7"
"ConsiderSelfOnly","0","5","15007","52","52","-4354","1","0","0","0","0","52"
"CondiserEnemyPosition","0","6","15006","105007","96822","4362","6","0","0","0","0","70","1","1","19","1","39"
